timestamp,label,csi_0,csi_1,csi_2,csi_3,csi_4,csi_5,csi_6,csi_7,csi_8,csi_9,csi_10,csi_11,csi_12,csi_13,csi_14,csi_15,csi_16,csi_17,csi_18,csi_19,csi_20,csi_21,csi_22,csi_23,csi_24,csi_25,csi_26,csi_27,csi_28,csi_29,csi_30,csi_31,csi_32,csi_33,csi_34,csi_35,csi_36,csi_37,csi_38,csi_39,csi_40,csi_41,csi_42,csi_43,csi_44,csi_45,csi_46,csi_47,csi_48,csi_49,csi_50,csi_51,csi_52,csi_53,csi_54,csi_55,csi_56,csi_57,csi_58,csi_59,csi_60,csi_61,csi_62,csi_63,csi_64,csi_65,csi_66,csi_67,csi_68,csi_69,csi_70,csi_71,csi_72,csi_73,csi_74,csi_75,csi_76,csi_77,csi_78,csi_79,csi_80,csi_81,csi_82,csi_83,csi_84,csi_85,csi_86,csi_87,csi_88,csi_89,csi_90,csi_91,csi_92,csi_93,csi_94,csi_95,csi_96,csi_97,csi_98,csi_99,csi_100,csi_101,csi_102,csi_103,csi_104,csi_105,csi_106,csi_107,csi_108,csi_109,csi_110,csi_111,csi_112,csi_113,csi_114,csi_115,csi_116,csi_117,csi_118,csi_119,csi_120,csi_121,csi_122,csi_123,csi_124,csi_125,csi_126,csi_127,csi_128,csi_129,csi_130,csi_131,csi_132,csi_133,csi_134,csi_135,csi_136,csi_137,csi_138,csi_139,csi_140,csi_141,csi_142,csi_143,csi_144,csi_145,csi_146,csi_147,csi_148,csi_149,csi_150,csi_151,csi_152,csi_153,csi_154,csi_155,csi_156,csi_157,csi_158,csi_159,csi_160,csi_161,csi_162,csi_163,csi_164,csi_165,csi_166,csi_167,csi_168,csi_169,csi_170,csi_171,csi_172,csi_173,csi_174,csi_175,csi_176,csi_177,csi_178,csi_179,csi_180,csi_181,csi_182,csi_183,csi_184,csi_185,csi_186,csi_187,csi_188,csi_189,csi_190,csi_191,csi_192,csi_193,csi_194,csi_195,csi_196,csi_197,csi_198,csi_199,csi_200,csi_201,csi_202,csi_203,csi_204,csi_205,csi_206,csi_207,csi_208,csi_209,csi_210,csi_211,csi_212,csi_213,csi_214,csi_215,csi_216,csi_217,csi_218,csi_219,csi_220,csi_221,csi_222,csi_223,csi_224,csi_225,csi_226,csi_227,csi_228,csi_229,csi_230,csi_231,csi_232,csi_233,csi_234,csi_235,csi_236,csi_237,csi_238,csi_239,csi_240,csi_241,csi_242,csi_243,csi_244,csi_245,csi_246,csi_247,csi_248,csi_249,csi_250,csi_251,csi_252,csi_253,csi_254,csi_255,csi_256,csi_257,csi_258,csi_259,csi_260,csi_261,csi_262,csi_263,csi_264,csi_265,csi_266,csi_267,csi_268,csi_269,csi_270,csi_271,csi_272,csi_273,csi_274,csi_275,csi_276,csi_277,csi_278,csi_279,csi_280,csi_281,csi_282,csi_283,csi_284,csi_285,csi_286,csi_287,csi_288,csi_289,csi_290,csi_291,csi_292,csi_293,csi_294,csi_295,csi_296,csi_297,csi_298,csi_299,csi_300,csi_301,csi_302,csi_303,csi_304,csi_305,csi_306,csi_307,csi_308,csi_309,csi_310,csi_311,csi_312,csi_313,csi_314,csi_315,csi_316,csi_317,csi_318,csi_319,csi_320,csi_321,csi_322,csi_323,csi_324,csi_325,csi_326,csi_327,csi_328,csi_329,csi_330,csi_331,csi_332,csi_333,csi_334,csi_335,csi_336,csi_337,csi_338,csi_339,csi_340,csi_341,csi_342,csi_343,csi_344,csi_345,csi_346,csi_347,csi_348,csi_349,csi_350,csi_351,csi_352,csi_353,csi_354,csi_355,csi_356,csi_357,csi_358,csi_359,csi_360,csi_361,csi_362,csi_363,csi_364,csi_365,csi_366,csi_367,csi_368,csi_369,csi_370,csi_371,csi_372,csi_373,csi_374,csi_375,csi_376,csi_377,csi_378,csi_379,csi_380,csi_381,csi_382,csi_383,csi_384,csi_385,csi_386,csi_387,csi_388,csi_389,csi_390,csi_391,csi_392,csi_393,csi_394,csi_395,csi_396,csi_397,csi_398,csi_399,csi_400,csi_401,csi_402,csi_403,csi_404,csi_405,csi_406,csi_407,csi_408,csi_409,csi_410,csi_411,csi_412,csi_413,csi_414,csi_415,csi_416,csi_417,csi_418,csi_419,csi_420,csi_421,csi_422,csi_423,csi_424,csi_425,csi_426,csi_427,csi_428,csi_429,csi_430,csi_431,csi_432,csi_433,csi_434,csi_435,csi_436,csi_437,csi_438,csi_439,csi_440,csi_441,csi_442,csi_443,csi_444,csi_445,csi_446,csi_447,csi_448,csi_449,csi_450,csi_451,csi_452,csi_453,csi_454,csi_455,csi_456,csi_457,csi_458,csi_459,csi_460,csi_461,csi_462,csi_463,csi_464,csi_465,csi_466,csi_467,csi_468,csi_469,csi_470,csi_471,csi_472,csi_473,csi_474,csi_475,csi_476,csi_477,csi_478,csi_479,csi_480,csi_481,csi_482,csi_483,csi_484,csi_485,csi_486,csi_487,csi_488,csi_489,csi_490,csi_491,csi_492,csi_493,csi_494,csi_495,csi_496,csi_497,csi_498,csi_499,csi_500,csi_501,csi_502,csi_503,csi_504,csi_505,csi_506,csi_507,csi_508,csi_509,csi_510,csi_511,csi_512,csi_513,csi_514,csi_515,csi_516,csi_517,csi_518,csi_519,csi_520,csi_521,csi_522,csi_523,csi_524,csi_525,csi_526,csi_527,csi_528,csi_529,csi_530,csi_531,csi_532,csi_533,csi_534,csi_535,csi_536,csi_537,csi_538,csi_539,csi_540,csi_541,csi_542,csi_543,csi_544,csi_545,csi_546,csi_547,csi_548,csi_549,csi_550,csi_551,csi_552,csi_553,csi_554,csi_555,csi_556,csi_557,csi_558,csi_559,csi_560,csi_561,csi_562,csi_563,csi_564,csi_565,csi_566,csi_567,csi_568,csi_569,csi_570,csi_571,csi_572,csi_573,csi_574,csi_575,csi_576,csi_577,csi_578,csi_579,csi_580,csi_581,csi_582,csi_583,csi_584,csi_585,csi_586,csi_587,csi_588,csi_589,csi_590,csi_591,csi_592,csi_593,csi_594,csi_595,csi_596,csi_597,csi_598,csi_599,csi_600,csi_601,csi_602,csi_603,csi_604,csi_605,csi_606,csi_607,csi_608,csi_609,csi_610,csi_611,csi_612,csi_613,csi_614,csi_615,csi_616,csi_617,csi_618,csi_619,csi_620,csi_621,csi_622,csi_623,csi_624,csi_625,csi_626,csi_627,csi_628,csi_629,csi_630,csi_631,csi_632,csi_633,csi_634,csi_635,csi_636,csi_637,csi_638,csi_639,csi_640,csi_641,csi_642,csi_643,csi_644,csi_645,csi_646,csi_647,csi_648,csi_649,csi_650,csi_651,csi_652,csi_653,csi_654,csi_655,csi_656,csi_657,csi_658,csi_659,csi_660,csi_661,csi_662,csi_663,csi_664,csi_665,csi_666,csi_667,csi_668,csi_669,csi_670,csi_671,csi_672,csi_673,csi_674,csi_675,csi_676,csi_677,csi_678,csi_679,csi_680,csi_681,csi_682,csi_683,csi_684,csi_685,csi_686,csi_687,csi_688,csi_689,csi_690,csi_691,csi_692,csi_693,csi_694,csi_695,csi_696,csi_697,csi_698,csi_699,csi_700,csi_701,csi_702,csi_703,csi_704,csi_705,csi_706,csi_707,csi_708,csi_709,csi_710,csi_711,csi_712,csi_713,csi_714,csi_715,csi_716,csi_717,csi_718,csi_719,csi_720,csi_721,csi_722,csi_723,csi_724,csi_725,csi_726,csi_727,csi_728,csi_729,csi_730,csi_731,csi_732,csi_733,csi_734,csi_735,csi_736,csi_737,csi_738,csi_739,csi_740,csi_741,csi_742,csi_743,csi_744,csi_745,csi_746,csi_747,csi_748,csi_749,csi_750,csi_751,csi_752,csi_753,csi_754,csi_755,csi_756,csi_757,csi_758,csi_759,csi_760,csi_761,csi_762,csi_763,csi_764,csi_765,csi_766,csi_767,csi_768,csi_769,csi_770,csi_771,csi_772,csi_773,csi_774,csi_775,csi_776,csi_777,csi_778,csi_779,csi_780,csi_781,csi_782,csi_783,csi_784,csi_785,csi_786,csi_787,csi_788,csi_789,csi_790,csi_791,csi_792,csi_793,csi_794,csi_795,csi_796,csi_797,csi_798,csi_799,csi_800,csi_801,csi_802,csi_803,csi_804,csi_805,csi_806,csi_807,csi_808,csi_809,csi_810,csi_811,csi_812,csi_813,csi_814,csi_815,csi_816,csi_817,csi_818,csi_819,csi_820,csi_821,csi_822,csi_823,csi_824,csi_825,csi_826,csi_827,csi_828,csi_829,csi_830,csi_831,csi_832,csi_833,csi_834,csi_835,csi_836,csi_837,csi_838,csi_839,csi_840,csi_841,csi_842,csi_843,csi_844,csi_845,csi_846,csi_847,csi_848,csi_849,csi_850,csi_851,csi_852,csi_853,csi_854,csi_855,csi_856,csi_857,csi_858,csi_859,csi_860,csi_861,csi_862,csi_863,csi_864,csi_865,csi_866,csi_867,csi_868,csi_869,csi_870,csi_871,csi_872,csi_873,csi_874,csi_875,csi_876,csi_877,csi_878,csi_879,csi_880,csi_881,csi_882,csi_883,csi_884,csi_885,csi_886,csi_887,csi_888,csi_889,csi_890,csi_891,csi_892,csi_893,csi_894,csi_895,csi_896,csi_897,csi_898,csi_899,csi_900,csi_901,csi_902,csi_903,csi_904,csi_905,csi_906,csi_907,csi_908,csi_909,csi_910,csi_911,csi_912,csi_913,csi_914,csi_915,csi_916,csi_917,csi_918,csi_919,csi_920,csi_921,csi_922,csi_923,csi_924,csi_925,csi_926,csi_927,csi_928,csi_929,csi_930,csi_931,csi_932,csi_933,csi_934,csi_935,csi_936,csi_937,csi_938,csi_939,csi_940,csi_941,csi_942,csi_943,csi_944,csi_945,csi_946,csi_947,csi_948,csi_949,csi_950,csi_951,csi_952,csi_953,csi_954,csi_955,csi_956,csi_957,csi_958,csi_959,csi_960,csi_961,csi_962,csi_963,csi_964,csi_965,csi_966,csi_967,csi_968,csi_969,csi_970,csi_971,csi_972,csi_973,csi_974,csi_975,csi_976,csi_977,csi_978,csi_979,csi_980,csi_981,csi_982,csi_983,csi_984,csi_985,csi_986,csi_987,csi_988,csi_989,csi_990,csi_991,csi_992,csi_993,csi_994,csi_995,csi_996,csi_997,csi_998,csi_999
1768798398.961255,2,17,17,225,136,72,34,84,26,67,12,48,251,0,0,6,16,101,0,191,0,95,254,111,255,227,0,157,0,193,0,217,0,22,0,95,0,57,255,51,255,2,255,9,254,196,255,194,253,47,1,99,254,202,2,248,255,161,3,211,1,112,3,65,3,70,2,206,3,120,0,88,3,195,254,32,2,160,253,160,0,99,253,84,255,249,253,201,254,18,255,16,255,27,0,228,255,148,0,190,0,81,0,248,0,135,255,176,0,135,254,157,255,10,254,157,255,10,254,154,253,169,255,201,253,45,1,248,254,54,2,9,40,0,0,0,225,128,128,128,0,0,0,0,0,0,0,0,224,255,11,255,235,0,28,255,19,0,244,0,8,0,24,203,0,157,0,29,1,220,255,84,0,194,254,46,255,253,254,8,254,212,255,83,254,117,1,59,255,125,2,4,1,80,2,46,2,237,1,14,3,93,0,188,2,41,255,253,1,158,253,167,0,138,253,71,255,187,253,175,254,9,255,190,254,235,255,204,255,173,0,160,0,116,0,130,1,148,255,85,1,79,254,117,0,22,253,238,254,224,252,252,252,136,253,239,251,80,255,66,252,86,1,193,253,193,2,143,255,206,2,34,1,61,1,0,0,0,0,0,0,0,0,0,0,0,0,0,0,0,0,0,0,0,0,0,0,0,0,0,0,0,0,0,0,0,0,0,0,0,0,0,0,0,0,0,0,0,0,0,0,0,0,0,0,0,0,0,0,0,0,0,0,0,0,0,0,0,0,0,0,0,0,0,0,0,0,0,0,0,0,0,0,0,0,0,0,0,0,0,0,0,0,0,0,0,0,0,0,0,0,0,0,0,0,0,0,0,0,0,0,0,0,0,0,0,0,0,0,0,0,0,0,0,0,0,0,0,0,0,0,0,0,0,0,0,0,0,0,0,0,0,0,0,0,0,0,0,0,0,0,0,0,0,0,0,0,0,0,0,0,0,0,0,0,0,0,0,0,0,0,0,0,0,0,0,0,0,0,0,0,0,0,0,0,0,0,0,0,0,0,0,0,0,0,0,0,0,0,0,0,0,0,0,0,0,0,0,0,0,0,0,0,0,0,0,0,0,0,0,0,0,0,0,0,0,0,0,0,0,0,0,0,0,0,0,0,0,0,0,0,0,0,0,0,0,0,0,0,0,0,0,0,0,0,0,0,0,0,0,0,0,0,0,0,0,0,0,0,0,0,0,0,0,0,0,0,0,0,0,0,0,0,0,0,0,0,0,0,0,0,0,0,0,0,0,0,0,0,0,0,0,0,0,0,0,0,0,0,0,0,0,0,0,0,0,0,0,0,0,0,0,0,0,0,0,0,0,0,0,0,0,0,0,0,0,0,0,0,0,0,0,0,0,0,0,0,0,0,0,0,0,0,0,0,0,0,0,0,0,0,0,0,0,0,0,0,0,0,0,0,0,0,0,0,0,0,0,0,0,0,0,0,0,0,0,0,0,0,0,0,0,0,0,0,0,0,0,0,0,0,0,0,0,0,0,0,0,0,0,0,0,0,0,0,0,0,0,0,0,0,0,0,0,0,0,0,0,0,0,0,0,0,0,0,0,0,0,0,0,0,0,0,0,0,0,0,0,0,0,0,0,0,0,0,0,0,0,0,0,0,0,0,0,0,0,0,0,0,0,0,0,0,0,0,0,0,0,0,0,0,0,0,0,0,0,0,0,0,0,0,0,0,0,0,0,0,0,0,0,0,0,0,0,0,0,0,0,0,0,0,0,0,0,0,0,0,0,0,0,0,0,0,0,0,0,0,0,0,0,0,0,0,0,0,0,0,0,0,0,0,0,0,0,0,0,0,0,0,0,0,0,0,0,0,0,0,0,0,0,0,0,0,0,0,0,0,0,0,0,0,0,0,0,0,0,0,0,0,0,0,0,0,0,0,0,0,0,0,0,0,0,0,0,0,0,0,0,0,0,0,0,0,0,0,0,0,0,0,0,0,0,0,0,0,0,0,0,0,0,0,0,0,0,0,0,0,0,0,0,0,0,0,0,0,0,0,0,0,0,0,0,0,0,0,0,0,0,0,0,0,0,0,0,0,0,0,0,0,0,0,0,0,0,0,0,0,0,0,0,0,0,0,0,0,0,0,0,0,0,0,0,0,0,0,0,0,0,0,0,0,0,0,0,0,0,0,0,0,0,0,0,0,0,0,0,0,0,0,0,0,0,0,0,0,0,0,0,0,0,0,0,0,0,0,0,0,0,0,0,0
1768798398.962853,2,17,17,225,136,72,34,84,26,67,12,64,251,0,0,6,16,101,0,191,0,95,254,98,0,254,0,39,1,67,0,217,0,166,255,10,0,28,255,255,254,33,255,2,254,201,255,183,253,220,0,125,253,4,2,11,254,15,3,18,255,190,3,23,0,252,3,68,1,155,3,38,2,226,2,139,2,216,1,149,2,202,0,17,2,214,255,93,1,79,255,132,0,59,255,193,255,134,255,68,255,42,0,73,255,231,0,175,255,160,1,116,0,244,1,103,1,220,1,42,2,52,1,140,2,40,0,98,2,57,255,9,40,0,0,0,225,128,128,128,0,0,0,0,0,0,0,0,224,255,11,255,235,0,28,255,19,0,244,0,8,0,24,64,0,169,255,101,0,67,255,101,0,67,255,90,255,211,254,175,254,43,255,71,254,122,255,238,253,148,0,187,253,213,1,177,254,36,2,74,255,175,2,175,255,101,2,185,0,164,2,67,1,237,1,154,1,251,0,170,1,112,0,129,1,248,255,25,0,238,254,81,255,65,255,144,254,175,0,41,254,55,1,28,254,61,2,153,254,7,3,33,0,176,3,212,0,97,3,76,2,192,2,14,3,221,1,243,2,109,0,141,1,68,255,0,0,0,0,0,0,0,0,0,0,0,0,0,0,0,0,0,0,0,0,0,0,0,0,0,0,0,0,0,0,0,0,0,0,0,0,0,0,0,0,0,0,0,0,0,0,0,0,0,0,0,0,0,0,0,0,0,0,0,0,0,0,0,0,0,0,0,0,0,0,0,0,0,0,0,0,0,0,0,0,0,0,0,0,0,0,0,0,0,0,0,0,0,0,0,0,0,0,0,0,0,0,0,0,0,0,0,0,0,0,0,0,0,0,0,0,0,0,0,0,0,0,0,0,0,0,0,0,0,0,0,0,0,0,0,0,0,0,0,0,0,0,0,0,0,0,0,0,0,0,0,0,0,0,0,0,0,0,0,0,0,0,0,0,0,0,0,0,0,0,0,0,0,0,0,0,0,0,0,0,0,0,0,0,0,0,0,0,0,0,0,0,0,0,0,0,0,0,0,0,0,0,0,0,0,0,0,0,0,0,0,0,0,0,0,0,0,0,0,0,0,0,0,0,0,0,0,0,0,0,0,0,0,0,0,0,0,0,0,0,0,0,0,0,0,0,0,0,0,0,0,0,0,0,0,0,0,0,0,0,0,0,0,0,0,0,0,0,0,0,0,0,0,0,0,0,0,0,0,0,0,0,0,0,0,0,0,0,0,0,0,0,0,0,0,0,0,0,0,0,0,0,0,0,0,0,0,0,0,0,0,0,0,0,0,0,0,0,0,0,0,0,0,0,0,0,0,0,0,0,0,0,0,0,0,0,0,0,0,0,0,0,0,0,0,0,0,0,0,0,0,0,0,0,0,0,0,0,0,0,0,0,0,0,0,0,0,0,0,0,0,0,0,0,0,0,0,0,0,0,0,0,0,0,0,0,0,0,0,0,0,0,0,0,0,0,0,0,0,0,0,0,0,0,0,0,0,0,0,0,0,0,0,0,0,0,0,0,0,0,0,0,0,0,0,0,0,0,0,0,0,0,0,0,0,0,0,0,0,0,0,0,0,0,0,0,0,0,0,0,0,0,0,0,0,0,0,0,0,0,0,0,0,0,0,0,0,0,0,0,0,0,0,0,0,0,0,0,0,0,0,0,0,0,0,0,0,0,0,0,0,0,0,0,0,0,0,0,0,0,0,0,0,0,0,0,0,0,0,0,0,0,0,0,0,0,0,0,0,0,0,0,0,0,0,0,0,0,0,0,0,0,0,0,0,0,0,0,0,0,0,0,0,0,0,0,0,0,0,0,0,0,0,0,0,0,0,0,0,0,0,0,0,0,0,0,0,0,0,0,0,0,0,0,0,0,0,0,0,0,0,0,0,0,0,0,0,0,0,0,0,0,0,0,0,0,0,0,0,0,0,0,0,0,0,0,0,0,0,0,0,0,0,0,0,0,0,0,0,0,0,0,0,0,0,0,0,0,0,0,0,0,0,0,0,0,0,0,0,0,0,0,0,0,0,0,0,0,0,0,0,0,0,0,0,0,0,0,0,0,0,0,0,0,0,0,0,0,0,0,0,0,0,0,0,0,0,0,0,0,0,0,0,0,0,0,0,0,0,0,0,0,0,0,0,0,0,0,0,0,0,0,0,0,0,0,0,0,0,0,0,0,0,0,0,0,0,0,0,0,0,0,0,0,0,0
1768798398.9857478,2,17,17,225,136,72,34,84,26,67,12,80,251,0,0,6,16,101,0,191,0,95,254,89,0,247,0,241,0,113,255,154,255,49,255,135,255,191,0,45,1,147,0,45,1,101,254,155,254,30,254,224,252,149,0,51,255,110,3,249,2,86,2,127,3,73,254,243,255,70,252,228,252,154,254,169,253,248,1,178,0,138,2,18,2,66,0,173,0,176,254,79,255,122,255,227,255,112,0,176,0,202,255,180,255,215,254,98,254,220,255,51,255,209,1,51,255,209,1,22,2,215,254,128,255,157,253,172,253,182,255,9,40,0,0,0,225,128,128,128,0,0,0,0,0,0,0,0,224,255,11,255,235,0,28,255,19,0,244,0,8,0,24,178,255,37,0,235,255,108,0,14,0,170,0,230,0,87,0,40,1,20,255,105,255,110,253,213,252,228,255,3,255,243,2,27,2,201,1,198,2,180,254,49,0,40,253,173,253,115,254,157,253,225,1,205,0,75,2,127,1,51,0,62,0,35,255,133,255,38,0,167,0,175,0,172,1,49,255,170,255,149,253,102,253,99,255,4,254,54,2,167,1,101,3,122,3,14,0,159,1,236,252,129,253,150,253,112,253,40,1,145,0,152,1,0,0,0,0,0,0,0,0,0,0,0,0,0,0,0,0,0,0,0,0,0,0,0,0,0,0,0,0,0,0,0,0,0,0,0,0,0,0,0,0,0,0,0,0,0,0,0,0,0,0,0,0,0,0,0,0,0,0,0,0,0,0,0,0,0,0,0,0,0,0,0,0,0,0,0,0,0,0,0,0,0,0,0,0,0,0,0,0,0,0,0,0,0,0,0,0,0,0,0,0,0,0,0,0,0,0,0,0,0,0,0,0,0,0,0,0,0,0,0,0,0,0,0,0,0,0,0,0,0,0,0,0,0,0,0,0,0,0,0,0,0,0,0,0,0,0,0,0,0,0,0,0,0,0,0,0,0,0,0,0,0,0,0,0,0,0,0,0,0,0,0,0,0,0,0,0,0,0,0,0,0,0,0,0,0,0,0,0,0,0,0,0,0,0,0,0,0,0,0,0,0,0,0,0,0,0,0,0,0,0,0,0,0,0,0,0,0,0,0,0,0,0,0,0,0,0,0,0,0,0,0,0,0,0,0,0,0,0,0,0,0,0,0,0,0,0,0,0,0,0,0,0,0,0,0,0,0,0,0,0,0,0,0,0,0,0,0,0,0,0,0,0,0,0,0,0,0,0,0,0,0,0,0,0,0,0,0,0,0,0,0,0,0,0,0,0,0,0,0,0,0,0,0,0,0,0,0,0,0,0,0,0,0,0,0,0,0,0,0,0,0,0,0,0,0,0,0,0,0,0,0,0,0,0,0,0,0,0,0,0,0,0,0,0,0,0,0,0,0,0,0,0,0,0,0,0,0,0,0,0,0,0,0,0,0,0,0,0,0,0,0,0,0,0,0,0,0,0,0,0,0,0,0,0,0,0,0,0,0,0,0,0,0,0,0,0,0,0,0,0,0,0,0,0,0,0,0,0,0,0,0,0,0,0,0,0,0,0,0,0,0,0,0,0,0,0,0,0,0,0,0,0,0,0,0,0,0,0,0,0,0,0,0,0,0,0,0,0,0,0,0,0,0,0,0,0,0,0,0,0,0,0,0,0,0,0,0,0,0,0,0,0,0,0,0,0,0,0,0,0,0,0,0,0,0,0,0,0,0,0,0,0,0,0,0,0,0,0,0,0,0,0,0,0,0,0,0,0,0,0,0,0,0,0,0,0,0,0,0,0,0,0,0,0,0,0,0,0,0,0,0,0,0,0,0,0,0,0,0,0,0,0,0,0,0,0,0,0,0,0,0,0,0,0,0,0,0,0,0,0,0,0,0,0,0,0,0,0,0,0,0,0,0,0,0,0,0,0,0,0,0,0,0,0,0,0,0,0,0,0,0,0,0,0,0,0,0,0,0,0,0,0,0,0,0,0,0,0,0,0,0,0,0,0,0,0,0,0,0,0,0,0,0,0,0,0,0,0,0,0,0,0,0,0,0,0,0,0,0,0,0,0,0,0,0,0,0,0,0,0,0,0,0,0,0,0,0,0,0,0,0,0,0,0,0,0,0,0,0,0,0,0,0,0,0,0,0,0,0,0,0,0,0,0,0,0,0,0,0,0,0,0,0,0,0,0,0,0,0,0,0,0,0,0,0,0,0,0,0,0,0,0,0,0,0,0,0,0,0,0,0,0,0,0,0,0
1768798398.9875011,2,17,17,224,136,72,34,84,26,67,12,96,251,0,0,6,16,101,0,191,0,95,254,3,1,52,0,236,0,66,255,251,255,16,255,49,255,221,255,46,255,246,0,228,255,253,1,24,1,91,2,129,2,224,1,130,3,196,0,181,3,59,255,62,3,193,253,231,1,220,252,124,0,148,252,39,255,9,253,73,254,5,254,27,254,46,255,126,254,38,0,109,255,147,0,52,0,104,0,167,0,201,255,158,0,15,255,241,255,100,254,250,254,90,254,3,254,242,254,147,253,26,0,251,253,103,1,239,254,64,2,9,40,0,0,0,224,128,128,128,0,0,0,0,0,0,0,0,224,255,11,255,235,0,28,255,19,0,244,0,8,0,24,172,255,98,0,65,0,166,0,253,0,93,0,104,1,173,255,71,1,151,254,118,0,204,253,80,255,104,253,26,254,175,253,75,253,216,254,254,252,9,0,90,253,77,1,48,254,59,2,87,255,153,2,126,0,48,2,24,1,59,1,7,1,59,0,89,0,132,255,85,255,73,255,117,254,227,255,16,254,244,0,71,254,48,2,63,255,36,3,171,0,134,3,67,2,47,3,72,3,214,1,151,3,17,0,136,2,134,254,141,0,113,254,0,0,0,0,0,0,0,0,0,0,0,0,0,0,0,0,0,0,0,0,0,0,0,0,0,0,0,0,0,0,0,0,0,0,0,0,0,0,0,0,0,0,0,0,0,0,0,0,0,0,0,0,0,0,0,0,0,0,0,0,0,0,0,0,0,0,0,0,0,0,0,0,0,0,0,0,0,0,0,0,0,0,0,0,0,0,0,0,0,0,0,0,0,0,0,0,0,0,0,0,0,0,0,0,0,0,0,0,0,0,0,0,0,0,0,0,0,0,0,0,0,0,0,0,0,0,0,0,0,0,0,0,0,0,0,0,0,0,0,0,0,0,0,0,0,0,0,0,0,0,0,0,0,0,0,0,0,0,0,0,0,0,0,0,0,0,0,0,0,0,0,0,0,0,0,0,0,0,0,0,0,0,0,0,0,0,0,0,0,0,0,0,0,0,0,0,0,0,0,0,0,0,0,0,0,0,0,0,0,0,0,0,0,0,0,0,0,0,0,0,0,0,0,0,0,0,0,0,0,0,0,0,0,0,0,0,0,0,0,0,0,0,0,0,0,0,0,0,0,0,0,0,0,0,0,0,0,0,0,0,0,0,0,0,0,0,0,0,0,0,0,0,0,0,0,0,0,0,0,0,0,0,0,0,0,0,0,0,0,0,0,0,0,0,0,0,0,0,0,0,0,0,0,0,0,0,0,0,0,0,0,0,0,0,0,0,0,0,0,0,0,0,0,0,0,0,0,0,0,0,0,0,0,0,0,0,0,0,0,0,0,0,0,0,0,0,0,0,0,0,0,0,0,0,0,0,0,0,0,0,0,0,0,0,0,0,0,0,0,0,0,0,0,0,0,0,0,0,0,0,0,0,0,0,0,0,0,0,0,0,0,0,0,0,0,0,0,0,0,0,0,0,0,0,0,0,0,0,0,0,0,0,0,0,0,0,0,0,0,0,0,0,0,0,0,0,0,0,0,0,0,0,0,0,0,0,0,0,0,0,0,0,0,0,0,0,0,0,0,0,0,0,0,0,0,0,0,0,0,0,0,0,0,0,0,0,0,0,0,0,0,0,0,0,0,0,0,0,0,0,0,0,0,0,0,0,0,0,0,0,0,0,0,0,0,0,0,0,0,0,0,0,0,0,0,0,0,0,0,0,0,0,0,0,0,0,0,0,0,0,0,0,0,0,0,0,0,0,0,0,0,0,0,0,0,0,0,0,0,0,0,0,0,0,0,0,0,0,0,0,0,0,0,0,0,0,0,0,0,0,0,0,0,0,0,0,0,0,0,0,0,0,0,0,0,0,0,0,0,0,0,0,0,0,0,0,0,0,0,0,0,0,0,0,0,0,0,0,0,0,0,0,0,0,0,0,0,0,0,0,0,0,0,0,0,0,0,0,0,0,0,0,0,0,0,0,0,0,0,0,0,0,0,0,0,0,0,0,0,0,0,0,0,0,0,0,0,0,0,0,0,0,0,0,0,0,0,0,0,0,0,0,0,0,0,0,0,0,0,0,0,0,0,0,0,0,0,0,0,0,0,0,0,0,0,0,0,0,0,0,0,0,0,0,0,0,0,0,0,0,0,0,0,0,0,0,0,0,0,0,0,0,0,0,0,0,0,0,0,0,0,0,0,0,0,0
1768798398.990569,2,17,17,225,136,72,34,84,26,67,12,112,251,0,0,6,16,101,0,191,0,95,254,40,255,124,255,241,255,5,1,222,0,12,0,160,255,63,255,27,255,246,0,108,1,100,1,56,2,112,254,185,254,16,253,97,252,144,0,148,255,215,3,150,3,127,1,95,2,15,253,4,254,38,253,1,253,8,1,55,0,169,2,15,2,77,0,114,0,151,254,55,255,187,255,31,0,125,0,110,0,111,255,254,254,76,255,235,254,53,1,63,1,133,1,63,1,133,1,18,255,178,253,121,253,157,0,47,0,178,2,9,40,0,0,0,225,128,128,128,0,0,0,0,0,0,0,0,224,255,11,255,235,0,28,255,19,0,244,0,8,0,24,99,0,64,0,228,255,122,255,47,255,142,0,176,0,70,1,202,1,72,255,105,255,190,253,80,253,24,0,206,255,6,3,200,2,69,1,19,2,155,253,47,254,61,253,229,252,48,1,101,0,2,3,142,2,56,0,84,0,37,254,216,254,172,255,31,0,190,0,175,0,70,255,214,254,228,254,71,254,114,1,59,1,134,2,10,3,76,255,71,0,113,252,88,252,189,254,230,253,46,3,104,2,139,2,115,2,129,254,11,255,189,254,0,0,0,0,0,0,0,0,0,0,0,0,0,0,0,0,0,0,0,0,0,0,0,0,0,0,0,0,0,0,0,0,0,0,0,0,0,0,0,0,0,0,0,0,0,0,0,0,0,0,0,0,0,0,0,0,0,0,0,0,0,0,0,0,0,0,0,0,0,0,0,0,0,0,0,0,0,0,0,0,0,0,0,0,0,0,0,0,0,0,0,0,0,0,0,0,0,0,0,0,0,0,0,0,0,0,0,0,0,0,0,0,0,0,0,0,0,0,0,0,0,0,0,0,0,0,0,0,0,0,0,0,0,0,0,0,0,0,0,0,0,0,0,0,0,0,0,0,0,0,0,0,0,0,0,0,0,0,0,0,0,0,0,0,0,0,0,0,0,0,0,0,0,0,0,0,0,0,0,0,0,0,0,0,0,0,0,0,0,0,0,0,0,0,0,0,0,0,0,0,0,0,0,0,0,0,0,0,0,0,0,0,0,0,0,0,0,0,0,0,0,0,0,0,0,0,0,0,0,0,0,0,0,0,0,0,0,0,0,0,0,0,0,0,0,0,0,0,0,0,0,0,0,0,0,0,0,0,0,0,0,0,0,0,0,0,0,0,0,0,0,0,0,0,0,0,0,0,0,0,0,0,0,0,0,0,0,0,0,0,0,0,0,0,0,0,0,0,0,0,0,0,0,0,0,0,0,0,0,0,0,0,0,0,0,0,0,0,0,0,0,0,0,0,0,0,0,0,0,0,0,0,0,0,0,0,0,0,0,0,0,0,0,0,0,0,0,0,0,0,0,0,0,0,0,0,0,0,0,0,0,0,0,0,0,0,0,0,0,0,0,0,0,0,0,0,0,0,0,0,0,0,0,0,0,0,0,0,0,0,0,0,0,0,0,0,0,0,0,0,0,0,0,0,0,0,0,0,0,0,0,0,0,0,0,0,0,0,0,0,0,0,0,0,0,0,0,0,0,0,0,0,0,0,0,0,0,0,0,0,0,0,0,0,0,0,0,0,0,0,0,0,0,0,0,0,0,0,0,0,0,0,0,0,0,0,0,0,0,0,0,0,0,0,0,0,0,0,0,0,0,0,0,0,0,0,0,0,0,0,0,0,0,0,0,0,0,0,0,0,0,0,0,0,0,0,0,0,0,0,0,0,0,0,0,0,0,0,0,0,0,0,0,0,0,0,0,0,0,0,0,0,0,0,0,0,0,0,0,0,0,0,0,0,0,0,0,0,0,0,0,0,0,0,0,0,0,0,0,0,0,0,0,0,0,0,0,0,0,0,0,0,0,0,0,0,0,0,0,0,0,0,0,0,0,0,0,0,0,0,0,0,0,0,0,0,0,0,0,0,0,0,0,0,0,0,0,0,0,0,0,0,0,0,0,0,0,0,0,0,0,0,0,0,0,0,0,0,0,0,0,0,0,0,0,0,0,0,0,0,0,0,0,0,0,0,0,0,0,0,0,0,0,0,0,0,0,0,0,0,0,0,0,0,0,0,0,0,0,0,0,0,0,0,0,0,0,0,0,0,0,0,0,0,0,0,0,0,0,0,0,0,0,0,0,0,0,0,0,0,0,0,0,0,0,0,0,0,0,0,0,0,0,0,0,0,0,0,0,0,0,0,0,0,0,0
1768798398.9925086,2,17,17,224,136,72,34,84,26,67,12,128,251,0,0,6,16,101,0,191,0,95,254,53,0,4,1,184,0,82,255,115,255,114,255,209,255,191,0,62,1,209,255,176,255,7,254,150,253,34,0,125,255,60,3,99,3,79,1,47,2,216,252,113,253,18,253,169,252,180,1,208,0,106,3,30,3,2,0,146,0,119,253,31,254,41,255,61,255,62,1,199,0,117,0,239,255,113,255,114,255,138,0,212,0,168,0,212,0,168,0,187,254,109,254,32,254,61,1,254,0,40,2,83,2,55,255,176,255,158,253,5,40,0,0,0,224,128,128,128,0,0,0,0,0,0,0,0,224,255,11,255,235,0,28,255,19,0,244,0,8,0,24,120,0,150,255,105,255,169,255,49,0,229,0,80,1,204,255,151,255,222,253,103,253,231,255,72,255,80,3,223,2,146,0,2,2,244,252,168,253,182,253,76,253,181,1,68,1,101,2,132,2,137,255,200,255,238,253,115,254,203,255,0,0,37,1,152,0,211,255,36,255,134,255,88,255,131,1,222,1,78,1,253,1,240,253,11,254,92,253,136,252,98,1,186,0,208,3,196,3,251,255,186,0,150,252,125,253,206,254,160,255,160,1,0,0,0,0,0,0,0,0,0,0,0,0,0,0,0,0,0,0,0,0,0,0,0,0,0,0,0,0,0,0,0,0,0,0,0,0,0,0,0,0,0,0,0,0,0,0,0,0,0,0,0,0,0,0,0,0,0,0,0,0,0,0,0,0,0,0,0,0,0,0,0,0,0,0,0,0,0,0,0,0,0,0,0,0,0,0,0,0,0,0,0,0,0,0,0,0,0,0,0,0,0,0,0,0,0,0,0,0,0,0,0,0,0,0,0,0,0,0,0,0,0,0,0,0,0,0,0,0,0,0,0,0,0,0,0,0,0,0,0,0,0,0,0,0,0,0,0,0,0,0,0,0,0,0,0,0,0,0,0,0,0,0,0,0,0,0,0,0,0,0,0,0,0,0,0,0,0,0,0,0,0,0,0,0,0,0,0,0,0,0,0,0,0,0,0,0,0,0,0,0,0,0,0,0,0,0,0,0,0,0,0,0,0,0,0,0,0,0,0,0,0,0,0,0,0,0,0,0,0,0,0,0,0,0,0,0,0,0,0,0,0,0,0,0,0,0,0,0,0,0,0,0,0,0,0,0,0,0,0,0,0,0,0,0,0,0,0,0,0,0,0,0,0,0,0,0,0,0,0,0,0,0,0,0,0,0,0,0,0,0,0,0,0,0,0,0,0,0,0,0,0,0,0,0,0,0,0,0,0,0,0,0,0,0,0,0,0,0,0,0,0,0,0,0,0,0,0,0,0,0,0,0,0,0,0,0,0,0,0,0,0,0,0,0,0,0,0,0,0,0,0,0,0,0,0,0,0,0,0,0,0,0,0,0,0,0,0,0,0,0,0,0,0,0,0,0,0,0,0,0,0,0,0,0,0,0,0,0,0,0,0,0,0,0,0,0,0,0,0,0,0,0,0,0,0,0,0,0,0,0,0,0,0,0,0,0,0,0,0,0,0,0,0,0,0,0,0,0,0,0,0,0,0,0,0,0,0,0,0,0,0,0,0,0,0,0,0,0,0,0,0,0,0,0,0,0,0,0,0,0,0,0,0,0,0,0,0,0,0,0,0,0,0,0,0,0,0,0,0,0,0,0,0,0,0,0,0,0,0,0,0,0,0,0,0,0,0,0,0,0,0,0,0,0,0,0,0,0,0,0,0,0,0,0,0,0,0,0,0,0,0,0,0,0,0,0,0,0,0,0,0,0,0,0,0,0,0,0,0,0,0,0,0,0,0,0,0,0,0,0,0,0,0,0,0,0,0,0,0,0,0,0,0,0,0,0,0,0,0,0,0,0,0,0,0,0,0,0,0,0,0,0,0,0,0,0,0,0,0,0,0,0,0,0,0,0,0,0,0,0,0,0,0,0,0,0,0,0,0,0,0,0,0,0,0,0,0,0,0,0,0,0,0,0,0,0,0,0,0,0,0,0,0,0,0,0,0,0,0,0,0,0,0,0,0,0,0,0,0,0,0,0,0,0,0,0,0,0,0,0,0,0,0,0,0,0,0,0,0,0,0,0,0,0,0,0,0,0,0,0,0,0,0,0,0,0,0,0,0,0,0,0,0,0,0,0,0,0,0,0,0,0,0,0,0,0,0,0,0,0,0,0,0,0,0,0,0,0,0,0,0,0,0,0,0,0
1768798398.994181,2,17,17,225,136,72,34,84,26,67,12,144,251,0,0,6,16,101,0,191,0,95,254,146,255,13,255,21,255,30,0,119,255,158,0,74,0,201,0,64,1,67,0,195,1,12,255,54,1,162,253,42,0,199,252,158,254,166,252,53,253,84,253,83,252,164,254,38,252,49,0,204,252,147,1,241,253,105,2,65,255,135,2,87,0,249,1,238,0,30,1,213,0,37,0,69,0,132,255,113,255,121,255,233,254,28,0,173,254,228,0,47,255,191,1,52,0,56,2,108,1,235,1,85,2,247,0,123,2,201,255,9,40,0,0,0,225,128,128,128,0,0,0,0,0,0,0,0,224,255,11,255,235,0,28,255,19,0,244,0,8,0,24,162,255,53,255,83,255,252,254,197,254,226,254,35,254,72,255,190,253,56,0,209,253,118,1,109,254,148,2,121,255,121,2,14,1,224,2,59,2,80,2,244,2,72,1,209,2,246,255,78,2,198,254,77,1,65,254,56,0,87,254,106,255,14,255,56,255,251,255,239,255,252,0,245,0,110,1,14,2,25,1,223,2,17,0,182,2,174,254,170,2,32,253,69,1,40,252,117,255,40,252,12,254,28,253,160,253,136,254,102,254,112,0,0,0,0,0,0,0,0,0,0,0,0,0,0,0,0,0,0,0,0,0,0,0,0,0,0,0,0,0,0,0,0,0,0,0,0,0,0,0,0,0,0,0,0,0,0,0,0,0,0,0,0,0,0,0,0,0,0,0,0,0,0,0,0,0,0,0,0,0,0,0,0,0,0,0,0,0,0,0,0,0,0,0,0,0,0,0,0,0,0,0,0,0,0,0,0,0,0,0,0,0,0,0,0,0,0,0,0,0,0,0,0,0,0,0,0,0,0,0,0,0,0,0,0,0,0,0,0,0,0,0,0,0,0,0,0,0,0,0,0,0,0,0,0,0,0,0,0,0,0,0,0,0,0,0,0,0,0,0,0,0,0,0,0,0,0,0,0,0,0,0,0,0,0,0,0,0,0,0,0,0,0,0,0,0,0,0,0,0,0,0,0,0,0,0,0,0,0,0,0,0,0,0,0,0,0,0,0,0,0,0,0,0,0,0,0,0,0,0,0,0,0,0,0,0,0,0,0,0,0,0,0,0,0,0,0,0,0,0,0,0,0,0,0,0,0,0,0,0,0,0,0,0,0,0,0,0,0,0,0,0,0,0,0,0,0,0,0,0,0,0,0,0,0,0,0,0,0,0,0,0,0,0,0,0,0,0,0,0,0,0,0,0,0,0,0,0,0,0,0,0,0,0,0,0,0,0,0,0,0,0,0,0,0,0,0,0,0,0,0,0,0,0,0,0,0,0,0,0,0,0,0,0,0,0,0,0,0,0,0,0,0,0,0,0,0,0,0,0,0,0,0,0,0,0,0,0,0,0,0,0,0,0,0,0,0,0,0,0,0,0,0,0,0,0,0,0,0,0,0,0,0,0,0,0,0,0,0,0,0,0,0,0,0,0,0,0,0,0,0,0,0,0,0,0,0,0,0,0,0,0,0,0,0,0,0,0,0,0,0,0,0,0,0,0,0,0,0,0,0,0,0,0,0,0,0,0,0,0,0,0,0,0,0,0,0,0,0,0,0,0,0,0,0,0,0,0,0,0,0,0,0,0,0,0,0,0,0,0,0,0,0,0,0,0,0,0,0,0,0,0,0,0,0,0,0,0,0,0,0,0,0,0,0,0,0,0,0,0,0,0,0,0,0,0,0,0,0,0,0,0,0,0,0,0,0,0,0,0,0,0,0,0,0,0,0,0,0,0,0,0,0,0,0,0,0,0,0,0,0,0,0,0,0,0,0,0,0,0,0,0,0,0,0,0,0,0,0,0,0,0,0,0,0,0,0,0,0,0,0,0,0,0,0,0,0,0,0,0,0,0,0,0,0,0,0,0,0,0,0,0,0,0,0,0,0,0,0,0,0,0,0,0,0,0,0,0,0,0,0,0,0,0,0,0,0,0,0,0,0,0,0,0,0,0,0,0,0,0,0,0,0,0,0,0,0,0,0,0,0,0,0,0,0,0,0,0,0,0,0,0,0,0,0,0,0,0,0,0,0,0,0,0,0,0,0,0,0,0,0,0,0,0,0,0,0,0,0,0,0,0,0,0,0,0,0,0,0,0,0,0,0,0,0,0,0,0,0,0,0,0,0,0,0,0,0,0,0,0,0,0,0,0,0,0,0,0,0,0,0,0,0,0,0,0,0,0
1768798398.9962106,2,17,17,225,136,72,34,84,26,67,12,176,251,0,0,6,16,101,0,191,0,95,254,206,0,178,0,171,0,104,255,244,255,65,255,55,255,214,255,70,255,8,1,114,0,228,1,61,2,77,1,41,3,205,255,215,2,189,253,54,1,65,252,243,254,32,252,31,253,96,253,108,252,120,255,27,253,102,1,175,254,88,2,68,0,11,2,9,1,247,0,210,0,232,255,252,255,126,255,57,255,237,255,70,255,233,0,255,255,168,1,80,1,133,1,60,2,78,0,4,2,177,254,173,0,144,253,236,254,168,253,9,40,0,0,0,225,128,128,128,0,0,0,0,0,0,0,0,224,255,11,255,235,0,28,255,19,0,244,0,8,0,24,44,0,33,255,3,0,105,255,251,255,99,255,217,255,15,255,255,254,240,254,219,253,141,255,130,253,234,0,61,254,202,1,30,0,22,3,11,2,152,2,32,3,208,0,5,3,231,254,187,1,180,253,28,0,167,253,252,254,167,254,226,254,243,255,158,255,191,0,198,0,117,0,63,1,49,255,142,0,217,253,247,254,55,253,56,253,83,254,47,252,250,255,201,252,82,2,210,254,165,3,21,1,85,3,69,2,174,1,151,1,120,255,0,0,0,0,0,0,0,0,0,0,0,0,0,0,0,0,0,0,0,0,0,0,0,0,0,0,0,0,0,0,0,0,0,0,0,0,0,0,0,0,0,0,0,0,0,0,0,0,0,0,0,0,0,0,0,0,0,0,0,0,0,0,0,0,0,0,0,0,0,0,0,0,0,0,0,0,0,0,0,0,0,0,0,0,0,0,0,0,0,0,0,0,0,0,0,0,0,0,0,0,0,0,0,0,0,0,0,0,0,0,0,0,0,0,0,0,0,0,0,0,0,0,0,0,0,0,0,0,0,0,0,0,0,0,0,0,0,0,0,0,0,0,0,0,0,0,0,0,0,0,0,0,0,0,0,0,0,0,0,0,0,0,0,0,0,0,0,0,0,0,0,0,0,0,0,0,0,0,0,0,0,0,0,0,0,0,0,0,0,0,0,0,0,0,0,0,0,0,0,0,0,0,0,0,0,0,0,0,0,0,0,0,0,0,0,0,0,0,0,0,0,0,0,0,0,0,0,0,0,0,0,0,0,0,0,0,0,0,0,0,0,0,0,0,0,0,0,0,0,0,0,0,0,0,0,0,0,0,0,0,0,0,0,0,0,0,0,0,0,0,0,0,0,0,0,0,0,0,0,0,0,0,0,0,0,0,0,0,0,0,0,0,0,0,0,0,0,0,0,0,0,0,0,0,0,0,0,0,0,0,0,0,0,0,0,0,0,0,0,0,0,0,0,0,0,0,0,0,0,0,0,0,0,0,0,0,0,0,0,0,0,0,0,0,0,0,0,0,0,0,0,0,0,0,0,0,0,0,0,0,0,0,0,0,0,0,0,0,0,0,0,0,0,0,0,0,0,0,0,0,0,0,0,0,0,0,0,0,0,0,0,0,0,0,0,0,0,0,0,0,0,0,0,0,0,0,0,0,0,0,0,0,0,0,0,0,0,0,0,0,0,0,0,0,0,0,0,0,0,0,0,0,0,0,0,0,0,0,0,0,0,0,0,0,0,0,0,0,0,0,0,0,0,0,0,0,0,0,0,0,0,0,0,0,0,0,0,0,0,0,0,0,0,0,0,0,0,0,0,0,0,0,0,0,0,0,0,0,0,0,0,0,0,0,0,0,0,0,0,0,0,0,0,0,0,0,0,0,0,0,0,0,0,0,0,0,0,0,0,0,0,0,0,0,0,0,0,0,0,0,0,0,0,0,0,0,0,0,0,0,0,0,0,0,0,0,0,0,0,0,0,0,0,0,0,0,0,0,0,0,0,0,0,0,0,0,0,0,0,0,0,0,0,0,0,0,0,0,0,0,0,0,0,0,0,0,0,0,0,0,0,0,0,0,0,0,0,0,0,0,0,0,0,0,0,0,0,0,0,0,0,0,0,0,0,0,0,0,0,0,0,0,0,0,0,0,0,0,0,0,0,0,0,0,0,0,0,0,0,0,0,0,0,0,0,0,0,0,0,0,0,0,0,0,0,0,0,0,0,0,0,0,0,0,0,0,0,0,0,0,0,0,0,0,0,0,0,0,0,0,0,0,0,0,0,0,0,0,0,0,0,0,0,0,0,0,0,0,0,0,0,0,0,0,0,0,0,0,0,0,0,0,0,0,0,0,0,0,0,0,0,0,0,0,0,0
1768798398.9983003,2,17,17,225,136,72,34,84,26,67,12,192,251,0,0,6,16,101,0,191,0,95,254,154,255,244,0,26,0,237,0,91,0,214,0,200,0,98,0,74,1,241,255,241,1,139,255,115,2,90,255,28,3,33,255,146,3,68,255,227,3,135,255,253,3,236,255,217,3,85,0,145,3,173,0,28,3,232,0,138,2,252,0,241,1,225,0,89,1,150,0,213,0,51,0,108,0,186,255,33,0,65,255,237,255,190,254,237,255,190,254,181,255,255,253,166,255,197,253,138,255,158,253,105,255,156,253,93,255,180,253,9,40,0,0,0,225,128,128,128,0,0,0,0,0,0,0,0,224,255,11,255,235,0,28,255,19,0,244,0,8,0,24,121,0,206,0,158,0,135,1,247,0,201,1,242,0,232,1,30,1,88,2,212,1,56,2,197,1,219,1,162,1,76,2,159,1,117,2,100,1,101,2,229,0,182,2,241,0,239,2,212,0,142,2,148,0,71,2,139,0,196,1,91,0,11,1,99,0,130,0,187,0,191,255,253,0,20,255,162,1,226,254,123,2,166,254,37,3,213,254,126,3,213,254,221,3,250,254,214,3,44,255,133,3,112,255,215,2,163,255,162,1,92,255,0,0,0,0,0,0,0,0,0,0,0,0,0,0,0,0,0,0,0,0,0,0,0,0,0,0,0,0,0,0,0,0,0,0,0,0,0,0,0,0,0,0,0,0,0,0,0,0,0,0,0,0,0,0,0,0,0,0,0,0,0,0,0,0,0,0,0,0,0,0,0,0,0,0,0,0,0,0,0,0,0,0,0,0,0,0,0,0,0,0,0,0,0,0,0,0,0,0,0,0,0,0,0,0,0,0,0,0,0,0,0,0,0,0,0,0,0,0,0,0,0,0,0,0,0,0,0,0,0,0,0,0,0,0,0,0,0,0,0,0,0,0,0,0,0,0,0,0,0,0,0,0,0,0,0,0,0,0,0,0,0,0,0,0,0,0,0,0,0,0,0,0,0,0,0,0,0,0,0,0,0,0,0,0,0,0,0,0,0,0,0,0,0,0,0,0,0,0,0,0,0,0,0,0,0,0,0,0,0,0,0,0,0,0,0,0,0,0,0,0,0,0,0,0,0,0,0,0,0,0,0,0,0,0,0,0,0,0,0,0,0,0,0,0,0,0,0,0,0,0,0,0,0,0,0,0,0,0,0,0,0,0,0,0,0,0,0,0,0,0,0,0,0,0,0,0,0,0,0,0,0,0,0,0,0,0,0,0,0,0,0,0,0,0,0,0,0,0,0,0,0,0,0,0,0,0,0,0,0,0,0,0,0,0,0,0,0,0,0,0,0,0,0,0,0,0,0,0,0,0,0,0,0,0,0,0,0,0,0,0,0,0,0,0,0,0,0,0,0,0,0,0,0,0,0,0,0,0,0,0,0,0,0,0,0,0,0,0,0,0,0,0,0,0,0,0,0,0,0,0,0,0,0,0,0,0,0,0,0,0,0,0,0,0,0,0,0,0,0,0,0,0,0,0,0,0,0,0,0,0,0,0,0,0,0,0,0,0,0,0,0,0,0,0,0,0,0,0,0,0,0,0,0,0,0,0,0,0,0,0,0,0,0,0,0,0,0,0,0,0,0,0,0,0,0,0,0,0,0,0,0,0,0,0,0,0,0,0,0,0,0,0,0,0,0,0,0,0,0,0,0,0,0,0,0,0,0,0,0,0,0,0,0,0,0,0,0,0,0,0,0,0,0,0,0,0,0,0,0,0,0,0,0,0,0,0,0,0,0,0,0,0,0,0,0,0,0,0,0,0,0,0,0,0,0,0,0,0,0,0,0,0,0,0,0,0,0,0,0,0,0,0,0,0,0,0,0,0,0,0,0,0,0,0,0,0,0,0,0,0,0,0,0,0,0,0,0,0,0,0,0,0,0,0,0,0,0,0,0,0,0,0,0,0,0,0,0,0,0,0,0,0,0,0,0,0,0,0,0,0,0,0,0,0,0,0,0,0,0,0,0,0,0,0,0,0,0,0,0,0,0,0,0,0,0,0,0,0,0,0,0,0,0,0,0,0,0,0,0,0,0,0,0,0,0,0,0,0,0,0,0,0,0,0,0,0,0,0,0,0,0,0,0,0,0,0,0,0,0,0,0,0,0,0,0,0,0,0,0,0,0,0,0,0,0,0,0,0,0,0,0,0,0,0,0,0,0,0,0,0,0,0,0,0,0,0,0,0,0,0,0,0,0,0,0,0
1768798398.9997525,2,17,17,224,136,72,34,84,26,67,12,208,251,0,0,6,16,101,0,191,0,95,254,142,0,232,0,100,0,24,255,69,255,179,255,22,0,207,0,33,1,103,255,17,255,61,254,132,253,214,0,141,0,58,3,180,3,62,0,52,1,61,252,169,252,224,253,36,253,156,2,180,1,44,3,19,3,51,255,238,255,85,253,1,254,168,255,148,255,87,1,198,0,59,0,210,255,135,255,154,255,166,0,5,1,147,0,232,0,152,254,112,254,185,254,77,254,142,1,97,1,2,2,49,2,203,254,19,255,158,253,9,40,0,0,0,224,128,128,128,0,0,0,0,0,0,0,0,224,255,11,255,235,0,28,255,19,0,244,0,8,0,24,23,254,233,255,204,255,11,2,210,1,189,0,237,0,118,254,114,254,168,254,52,254,41,1,215,0,250,1,71,3,162,255,40,0,109,253,139,253,121,255,191,254,113,2,243,1,184,1,214,1,96,254,224,254,235,253,87,254,161,0,169,0,53,1,208,0,106,255,254,254,208,255,213,255,165,1,37,2,81,0,207,0,56,253,29,253,75,254,132,253,199,2,85,2,65,3,144,3,137,254,104,255,164,252,47,253,206,255,59,0,162,1,0,0,0,0,0,0,0,0,0,0,0,0,0,0,0,0,0,0,0,0,0,0,0,0,0,0,0,0,0,0,0,0,0,0,0,0,0,0,0,0,0,0,0,0,0,0,0,0,0,0,0,0,0,0,0,0,0,0,0,0,0,0,0,0,0,0,0,0,0,0,0,0,0,0,0,0,0,0,0,0,0,0,0,0,0,0,0,0,0,0,0,0,0,0,0,0,0,0,0,0,0,0,0,0,0,0,0,0,0,0,0,0,0,0,0,0,0,0,0,0,0,0,0,0,0,0,0,0,0,0,0,0,0,0,0,0,0,0,0,0,0,0,0,0,0,0,0,0,0,0,0,0,0,0,0,0,0,0,0,0,0,0,0,0,0,0,0,0,0,0,0,0,0,0,0,0,0,0,0,0,0,0,0,0,0,0,0,0,0,0,0,0,0,0,0,0,0,0,0,0,0,0,0,0,0,0,0,0,0,0,0,0,0,0,0,0,0,0,0,0,0,0,0,0,0,0,0,0,0,0,0,0,0,0,0,0,0,0,0,0,0,0,0,0,0,0,0,0,0,0,0,0,0,0,0,0,0,0,0,0,0,0,0,0,0,0,0,0,0,0,0,0,0,0,0,0,0,0,0,0,0,0,0,0,0,0,0,0,0,0,0,0,0,0,0,0,0,0,0,0,0,0,0,0,0,0,0,0,0,0,0,0,0,0,0,0,0,0,0,0,0,0,0,0,0,0,0,0,0,0,0,0,0,0,0,0,0,0,0,0,0,0,0,0,0,0,0,0,0,0,0,0,0,0,0,0,0,0,0,0,0,0,0,0,0,0,0,0,0,0,0,0,0,0,0,0,0,0,0,0,0,0,0,0,0,0,0,0,0,0,0,0,0,0,0,0,0,0,0,0,0,0,0,0,0,0,0,0,0,0,0,0,0,0,0,0,0,0,0,0,0,0,0,0,0,0,0,0,0,0,0,0,0,0,0,0,0,0,0,0,0,0,0,0,0,0,0,0,0,0,0,0,0,0,0,0,0,0,0,0,0,0,0,0,0,0,0,0,0,0,0,0,0,0,0,0,0,0,0,0,0,0,0,0,0,0,0,0,0,0,0,0,0,0,0,0,0,0,0,0,0,0,0,0,0,0,0,0,0,0,0,0,0,0,0,0,0,0,0,0,0,0,0,0,0,0,0,0,0,0,0,0,0,0,0,0,0,0,0,0,0,0,0,0,0,0,0,0,0,0,0,0,0,0,0,0,0,0,0,0,0,0,0,0,0,0,0,0,0,0,0,0,0,0,0,0,0,0,0,0,0,0,0,0,0,0,0,0,0,0,0,0,0,0,0,0,0,0,0,0,0,0,0,0,0,0,0,0,0,0,0,0,0,0,0,0,0,0,0,0,0,0,0,0,0,0,0,0,0,0,0,0,0,0,0,0,0,0,0,0,0,0,0,0,0,0,0,0,0,0,0,0,0,0,0,0,0,0,0,0,0,0,0,0,0,0,0,0,0,0,0,0,0,0,0,0,0,0,0,0,0,0,0,0,0,0,0,0,0,0,0,0,0,0,0,0,0,0,0,0,0,0,0,0,0,0,0,0,0,0,0,0,0,0,0,0,0,0,0,0,0,0,0,0,0,0
1768798399.0011046,2,17,17,225,136,72,34,84,26,67,12,224,251,0,0,6,16,101,0,191,0,95,254,224,0,125,0,227,0,190,255,178,0,156,255,82,0,77,255,218,255,207,254,94,255,50,254,227,254,147,253,179,254,18,253,172,254,154,252,206,254,70,252,18,255,36,252,104,255,48,252,177,255,106,252,238,255,204,252,21,0,81,253,21,0,234,253,253,255,146,254,211,255,44,255,142,255,190,255,71,255,68,0,33,255,166,0,33,255,166,0,135,254,96,1,109,254,157,1,98,254,206,1,105,254,249,1,131,254,1,2,9,40,0,0,0,225,128,128,128,0,0,0,0,0,0,0,0,224,255,11,255,235,0,28,255,19,0,244,0,8,0,24,91,0,124,0,163,0,67,0,240,0,47,0,66,1,25,0,134,1,19,0,235,1,34,0,49,2,73,0,189,2,40,0,176,2,155,0,196,2,216,0,192,2,243,0,158,2,247,0,82,2,255,0,254,1,198,0,124,1,128,0,16,1,18,0,148,0,151,255,43,0,251,254,217,255,88,254,166,255,171,253,147,255,15,253,93,255,108,252,179,255,31,252,211,255,249,251,247,255,24,252,24,0,130,252,44,0,48,253,119,255,83,254,0,0,0,0,0,0,0,0,0,0,0,0,0,0,0,0,0,0,0,0,0,0,0,0,0,0,0,0,0,0,0,0,0,0,0,0,0,0,0,0,0,0,0,0,0,0,0,0,0,0,0,0,0,0,0,0,0,0,0,0,0,0,0,0,0,0,0,0,0,0,0,0,0,0,0,0,0,0,0,0,0,0,0,0,0,0,0,0,0,0,0,0,0,0,0,0,0,0,0,0,0,0,0,0,0,0,0,0,0,0,0,0,0,0,0,0,0,0,0,0,0,0,0,0,0,0,0,0,0,0,0,0,0,0,0,0,0,0,0,0,0,0,0,0,0,0,0,0,0,0,0,0,0,0,0,0,0,0,0,0,0,0,0,0,0,0,0,0,0,0,0,0,0,0,0,0,0,0,0,0,0,0,0,0,0,0,0,0,0,0,0,0,0,0,0,0,0,0,0,0,0,0,0,0,0,0,0,0,0,0,0,0,0,0,0,0,0,0,0,0,0,0,0,0,0,0,0,0,0,0,0,0,0,0,0,0,0,0,0,0,0,0,0,0,0,0,0,0,0,0,0,0,0,0,0,0,0,0,0,0,0,0,0,0,0,0,0,0,0,0,0,0,0,0,0,0,0,0,0,0,0,0,0,0,0,0,0,0,0,0,0,0,0,0,0,0,0,0,0,0,0,0,0,0,0,0,0,0,0,0,0,0,0,0,0,0,0,0,0,0,0,0,0,0,0,0,0,0,0,0,0,0,0,0,0,0,0,0,0,0,0,0,0,0,0,0,0,0,0,0,0,0,0,0,0,0,0,0,0,0,0,0,0,0,0,0,0,0,0,0,0,0,0,0,0,0,0,0,0,0,0,0,0,0,0,0,0,0,0,0,0,0,0,0,0,0,0,0,0,0,0,0,0,0,0,0,0,0,0,0,0,0,0,0,0,0,0,0,0,0,0,0,0,0,0,0,0,0,0,0,0,0,0,0,0,0,0,0,0,0,0,0,0,0,0,0,0,0,0,0,0,0,0,0,0,0,0,0,0,0,0,0,0,0,0,0,0,0,0,0,0,0,0,0,0,0,0,0,0,0,0,0,0,0,0,0,0,0,0,0,0,0,0,0,0,0,0,0,0,0,0,0,0,0,0,0,0,0,0,0,0,0,0,0,0,0,0,0,0,0,0,0,0,0,0,0,0,0,0,0,0,0,0,0,0,0,0,0,0,0,0,0,0,0,0,0,0,0,0,0,0,0,0,0,0,0,0,0,0,0,0,0,0,0,0,0,0,0,0,0,0,0,0,0,0,0,0,0,0,0,0,0,0,0,0,0,0,0,0,0,0,0,0,0,0,0,0,0,0,0,0,0,0,0,0,0,0,0,0,0,0,0,0,0,0,0,0,0,0,0,0,0,0,0,0,0,0,0,0,0,0,0,0,0,0,0,0,0,0,0,0,0,0,0,0,0,0,0,0,0,0,0,0,0,0,0,0,0,0,0,0,0,0,0,0,0,0,0,0,0,0,0,0,0,0,0,0,0,0,0,0,0,0,0,0,0,0,0,0,0,0,0,0,0,0,0,0,0,0,0,0,0,0,0,0,0,0,0,0,0,0,0,0,0,0,0,0,0,0,0,0,0,0,0,0,0
1768798399.0026517,2,17,17,225,136,72,34,84,26,67,12,240,251,0,0,6,16,101,0,191,0,95,254,248,0,72,0,72,0,28,255,44,255,178,255,224,255,202,0,68,1,59,0,22,1,55,254,143,254,211,253,190,252,254,255,252,253,5,3,102,1,144,3,222,3,242,0,214,2,118,253,143,255,117,252,35,253,133,254,174,253,84,1,223,255,17,2,55,1,195,0,165,0,118,255,157,255,186,255,204,255,194,0,254,0,150,0,108,1,21,255,213,255,249,253,213,255,249,253,20,254,141,1,138,0,115,2,108,2,159,0,9,40,0,0,0,225,128,128,128,0,0,0,0,0,0,0,0,224,255,11,255,235,0,28,255,19,0,244,0,8,0,24,180,255,197,255,155,255,251,255,60,255,49,0,252,255,6,1,47,1,237,0,232,1,58,255,3,0,117,253,112,253,3,254,64,253,167,1,9,0,55,3,120,2,181,1,193,2,176,254,142,0,150,253,134,254,47,254,16,254,139,0,209,255,251,0,188,0,93,0,224,255,231,254,71,254,59,0,245,254,220,1,99,1,178,2,191,3,27,0,123,2,35,253,196,254,244,251,29,252,8,255,108,253,129,2,192,0,199,2,169,1,241,255,0,0,0,0,0,0,0,0,0,0,0,0,0,0,0,0,0,0,0,0,0,0,0,0,0,0,0,0,0,0,0,0,0,0,0,0,0,0,0,0,0,0,0,0,0,0,0,0,0,0,0,0,0,0,0,0,0,0,0,0,0,0,0,0,0,0,0,0,0,0,0,0,0,0,0,0,0,0,0,0,0,0,0,0,0,0,0,0,0,0,0,0,0,0,0,0,0,0,0,0,0,0,0,0,0,0,0,0,0,0,0,0,0,0,0,0,0,0,0,0,0,0,0,0,0,0,0,0,0,0,0,0,0,0,0,0,0,0,0,0,0,0,0,0,0,0,0,0,0,0,0,0,0,0,0,0,0,0,0,0,0,0,0,0,0,0,0,0,0,0,0,0,0,0,0,0,0,0,0,0,0,0,0,0,0,0,0,0,0,0,0,0,0,0,0,0,0,0,0,0,0,0,0,0,0,0,0,0,0,0,0,0,0,0,0,0,0,0,0,0,0,0,0,0,0,0,0,0,0,0,0,0,0,0,0,0,0,0,0,0,0,0,0,0,0,0,0,0,0,0,0,0,0,0,0,0,0,0,0,0,0,0,0,0,0,0,0,0,0,0,0,0,0,0,0,0,0,0,0,0,0,0,0,0,0,0,0,0,0,0,0,0,0,0,0,0,0,0,0,0,0,0,0,0,0,0,0,0,0,0,0,0,0,0,0,0,0,0,0,0,0,0,0,0,0,0,0,0,0,0,0,0,0,0,0,0,0,0,0,0,0,0,0,0,0,0,0,0,0,0,0,0,0,0,0,0,0,0,0,0,0,0,0,0,0,0,0,0,0,0,0,0,0,0,0,0,0,0,0,0,0,0,0,0,0,0,0,0,0,0,0,0,0,0,0,0,0,0,0,0,0,0,0,0,0,0,0,0,0,0,0,0,0,0,0,0,0,0,0,0,0,0,0,0,0,0,0,0,0,0,0,0,0,0,0,0,0,0,0,0,0,0,0,0,0,0,0,0,0,0,0,0,0,0,0,0,0,0,0,0,0,0,0,0,0,0,0,0,0,0,0,0,0,0,0,0,0,0,0,0,0,0,0,0,0,0,0,0,0,0,0,0,0,0,0,0,0,0,0,0,0,0,0,0,0,0,0,0,0,0,0,0,0,0,0,0,0,0,0,0,0,0,0,0,0,0,0,0,0,0,0,0,0,0,0,0,0,0,0,0,0,0,0,0,0,0,0,0,0,0,0,0,0,0,0,0,0,0,0,0,0,0,0,0,0,0,0,0,0,0,0,0,0,0,0,0,0,0,0,0,0,0,0,0,0,0,0,0,0,0,0,0,0,0,0,0,0,0,0,0,0,0,0,0,0,0,0,0,0,0,0,0,0,0,0,0,0,0,0,0,0,0,0,0,0,0,0,0,0,0,0,0,0,0,0,0,0,0,0,0,0,0,0,0,0,0,0,0,0,0,0,0,0,0,0,0,0,0,0,0,0,0,0,0,0,0,0,0,0,0,0,0,0,0,0,0,0,0,0,0,0,0,0,0,0,0,0,0,0,0,0,0,0,0,0,0,0,0,0,0,0,0,0,0,0,0,0,0,0,0,0,0,0,0,0,0,0,0,0,0,0,0,0,0,0,0
1768798399.004582,2,17,17,225,136,72,34,84,26,67,12,16,252,0,0,6,16,101,0,191,0,95,254,250,254,8,0,133,0,193,0,138,0,87,255,45,255,243,255,164,0,25,1,144,1,195,254,81,254,236,253,109,253,237,1,231,1,29,3,136,3,92,254,192,254,72,252,67,252,190,0,74,0,153,3,48,3,21,0,73,0,93,253,237,253,171,255,203,255,104,1,205,0,1,0,174,255,177,255,6,0,185,0,34,1,167,255,139,255,114,254,18,254,157,0,18,254,157,0,88,2,41,255,10,255,159,253,183,253,36,1,9,40,0,0,0,225,128,128,128,0,0,0,0,0,0,0,0,224,255,11,255,235,0,28,255,19,0,244,0,8,0,24,139,1,223,255,185,255,82,255,67,0,96,0,74,0,251,254,41,254,209,255,182,255,126,2,175,2,102,0,166,0,13,253,25,253,73,255,231,254,234,2,163,2,108,1,125,1,120,253,153,253,185,254,202,254,252,1,138,1,219,0,7,0,188,254,248,254,114,0,192,0,242,0,238,0,160,254,237,253,218,254,125,254,77,2,129,2,166,1,122,2,34,253,33,253,33,253,213,252,129,2,55,2,222,2,78,2,73,254,198,254,246,254,0,0,0,0,0,0,0,0,0,0,0,0,0,0,0,0,0,0,0,0,0,0,0,0,0,0,0,0,0,0,0,0,0,0,0,0,0,0,0,0,0,0,0,0,0,0,0,0,0,0,0,0,0,0,0,0,0,0,0,0,0,0,0,0,0,0,0,0,0,0,0,0,0,0,0,0,0,0,0,0,0,0,0,0,0,0,0,0,0,0,0,0,0,0,0,0,0,0,0,0,0,0,0,0,0,0,0,0,0,0,0,0,0,0,0,0,0,0,0,0,0,0,0,0,0,0,0,0,0,0,0,0,0,0,0,0,0,0,0,0,0,0,0,0,0,0,0,0,0,0,0,0,0,0,0,0,0,0,0,0,0,0,0,0,0,0,0,0,0,0,0,0,0,0,0,0,0,0,0,0,0,0,0,0,0,0,0,0,0,0,0,0,0,0,0,0,0,0,0,0,0,0,0,0,0,0,0,0,0,0,0,0,0,0,0,0,0,0,0,0,0,0,0,0,0,0,0,0,0,0,0,0,0,0,0,0,0,0,0,0,0,0,0,0,0,0,0,0,0,0,0,0,0,0,0,0,0,0,0,0,0,0,0,0,0,0,0,0,0,0,0,0,0,0,0,0,0,0,0,0,0,0,0,0,0,0,0,0,0,0,0,0,0,0,0,0,0,0,0,0,0,0,0,0,0,0,0,0,0,0,0,0,0,0,0,0,0,0,0,0,0,0,0,0,0,0,0,0,0,0,0,0,0,0,0,0,0,0,0,0,0,0,0,0,0,0,0,0,0,0,0,0,0,0,0,0,0,0,0,0,0,0,0,0,0,0,0,0,0,0,0,0,0,0,0,0,0,0,0,0,0,0,0,0,0,0,0,0,0,0,0,0,0,0,0,0,0,0,0,0,0,0,0,0,0,0,0,0,0,0,0,0,0,0,0,0,0,0,0,0,0,0,0,0,0,0,0,0,0,0,0,0,0,0,0,0,0,0,0,0,0,0,0,0,0,0,0,0,0,0,0,0,0,0,0,0,0,0,0,0,0,0,0,0,0,0,0,0,0,0,0,0,0,0,0,0,0,0,0,0,0,0,0,0,0,0,0,0,0,0,0,0,0,0,0,0,0,0,0,0,0,0,0,0,0,0,0,0,0,0,0,0,0,0,0,0,0,0,0,0,0,0,0,0,0,0,0,0,0,0,0,0,0,0,0,0,0,0,0,0,0,0,0,0,0,0,0,0,0,0,0,0,0,0,0,0,0,0,0,0,0,0,0,0,0,0,0,0,0,0,0,0,0,0,0,0,0,0,0,0,0,0,0,0,0,0,0,0,0,0,0,0,0,0,0,0,0,0,0,0,0,0,0,0,0,0,0,0,0,0,0,0,0,0,0,0,0,0,0,0,0,0,0,0,0,0,0,0,0,0,0,0,0,0,0,0,0,0,0,0,0,0,0,0,0,0,0,0,0,0,0,0,0,0,0,0,0,0,0,0,0,0,0,0,0,0,0,0,0,0,0,0,0,0,0,0,0,0,0,0,0,0,0,0,0,0,0,0,0,0,0,0,0,0,0,0,0,0,0,0,0,0,0,0,0,0,0,0,0,0,0,0,0,0,0,0,0,0,0,0,0,0,0,0,0,0
1768798399.0066812,2,17,17,225,136,72,34,84,26,67,12,32,252,0,0,6,16,101,0,191,0,95,254,240,254,225,255,92,0,11,1,205,0,202,255,94,255,123,255,125,255,47,1,204,1,203,0,147,1,253,253,247,253,123,253,174,252,109,1,92,0,227,3,219,3,235,0,242,1,191,252,159,253,94,253,30,253,89,1,89,0,157,2,6,2,73,0,129,0,167,254,63,255,155,255,8,0,109,0,111,0,114,255,62,255,42,255,177,254,16,1,251,0,205,1,251,0,205,1,179,255,142,253,136,253,226,255,124,255,88,2,5,40,0,0,0,225,128,128,128,0,0,0,0,0,0,0,0,224,255,11,255,235,0,28,255,19,0,244,0,8,0,24,90,255,136,255,50,255,159,0,93,0,56,1,140,1,122,255,223,255,23,254,190,253,161,255,31,255,14,2,162,2,107,1,94,2,172,253,249,254,15,253,40,253,111,0,201,255,189,2,115,2,134,1,158,1,151,254,34,255,198,254,194,254,192,0,81,0,64,0,253,255,26,255,189,254,244,255,24,0,209,1,155,2,6,1,37,2,116,253,18,254,100,253,106,252,151,1,69,0,242,3,109,3,161,0,31,1,78,253,124,254,95,255,0,0,0,0,0,0,0,0,0,0,0,0,0,0,0,0,0,0,0,0,0,0,0,0,0,0,0,0,0,0,0,0,0,0,0,0,0,0,0,0,0,0,0,0,0,0,0,0,0,0,0,0,0,0,0,0,0,0,0,0,0,0,0,0,0,0,0,0,0,0,0,0,0,0,0,0,0,0,0,0,0,0,0,0,0,0,0,0,0,0,0,0,0,0,0,0,0,0,0,0,0,0,0,0,0,0,0,0,0,0,0,0,0,0,0,0,0,0,0,0,0,0,0,0,0,0,0,0,0,0,0,0,0,0,0,0,0,0,0,0,0,0,0,0,0,0,0,0,0,0,0,0,0,0,0,0,0,0,0,0,0,0,0,0,0,0,0,0,0,0,0,0,0,0,0,0,0,0,0,0,0,0,0,0,0,0,0,0,0,0,0,0,0,0,0,0,0,0,0,0,0,0,0,0,0,0,0,0,0,0,0,0,0,0,0,0,0,0,0,0,0,0,0,0,0,0,0,0,0,0,0,0,0,0,0,0,0,0,0,0,0,0,0,0,0,0,0,0,0,0,0,0,0,0,0,0,0,0,0,0,0,0,0,0,0,0,0,0,0,0,0,0,0,0,0,0,0,0,0,0,0,0,0,0,0,0,0,0,0,0,0,0,0,0,0,0,0,0,0,0,0,0,0,0,0,0,0,0,0,0,0,0,0,0,0,0,0,0,0,0,0,0,0,0,0,0,0,0,0,0,0,0,0,0,0,0,0,0,0,0,0,0,0,0,0,0,0,0,0,0,0,0,0,0,0,0,0,0,0,0,0,0,0,0,0,0,0,0,0,0,0,0,0,0,0,0,0,0,0,0,0,0,0,0,0,0,0,0,0,0,0,0,0,0,0,0,0,0,0,0,0,0,0,0,0,0,0,0,0,0,0,0,0,0,0,0,0,0,0,0,0,0,0,0,0,0,0,0,0,0,0,0,0,0,0,0,0,0,0,0,0,0,0,0,0,0,0,0,0,0,0,0,0,0,0,0,0,0,0,0,0,0,0,0,0,0,0,0,0,0,0,0,0,0,0,0,0,0,0,0,0,0,0,0,0,0,0,0,0,0,0,0,0,0,0,0,0,0,0,0,0,0,0,0,0,0,0,0,0,0,0,0,0,0,0,0,0,0,0,0,0,0,0,0,0,0,0,0,0,0,0,0,0,0,0,0,0,0,0,0,0,0,0,0,0,0,0,0,0,0,0,0,0,0,0,0,0,0,0,0,0,0,0,0,0,0,0,0,0,0,0,0,0,0,0,0,0,0,0,0,0,0,0,0,0,0,0,0,0,0,0,0,0,0,0,0,0,0,0,0,0,0,0,0,0,0,0,0,0,0,0,0,0,0,0,0,0,0,0,0,0,0,0,0,0,0,0,0,0,0,0,0,0,0,0,0,0,0,0,0,0,0,0,0,0,0,0,0,0,0,0,0,0,0,0,0,0,0,0,0,0,0,0,0,0,0,0,0,0,0,0,0,0,0,0,0,0,0,0,0,0,0,0,0,0,0,0,0,0,0,0,0,0,0,0,0,0,0,0,0,0,0,0,0,0,0,0,0,0,0,0,0,0,0,0,0,0,0,0,0,0,0,0,0,0,0
1768798399.0081859,2,17,17,225,136,72,34,84,26,67,12,48,252,0,0,6,16,101,0,191,0,95,254,5,1,26,0,245,0,147,255,126,0,89,255,238,255,48,255,37,255,255,254,71,254,222,254,183,253,235,254,25,253,173,254,150,252,98,254,119,252,78,254,113,252,47,254,169,252,49,254,231,252,75,254,67,253,114,254,177,253,182,254,35,254,8,255,162,254,113,255,37,255,228,255,156,255,78,0,12,0,190,0,122,0,24,1,214,0,111,1,66,1,169,1,66,1,169,1,213,1,172,1,25,2,115,1,26,2,56,1,9,40,0,0,0,225,128,128,128,0,0,0,0,0,0,0,0,224,255,11,255,235,0,28,255,19,0,244,0,8,0,24,154,255,59,1,141,255,77,1,13,0,149,1,78,0,144,1,242,0,109,1,175,1,3,2,7,2,227,1,0,2,233,1,102,2,57,2,107,2,228,1,33,2,241,1,107,2,82,2,152,1,248,1,129,1,161,1,31,1,176,0,143,0,235,255,14,1,225,255,75,0,68,255,13,0,93,254,182,255,241,253,204,255,226,252,178,255,131,252,255,255,138,252,131,255,88,252,162,255,100,252,114,255,119,252,74,255,37,253,12,255,139,254,0,0,0,0,0,0,0,0,0,0,0,0,0,0,0,0,0,0,0,0,0,0,0,0,0,0,0,0,0,0,0,0,0,0,0,0,0,0,0,0,0,0,0,0,0,0,0,0,0,0,0,0,0,0,0,0,0,0,0,0,0,0,0,0,0,0,0,0,0,0,0,0,0,0,0,0,0,0,0,0,0,0,0,0,0,0,0,0,0,0,0,0,0,0,0,0,0,0,0,0,0,0,0,0,0,0,0,0,0,0,0,0,0,0,0,0,0,0,0,0,0,0,0,0,0,0,0,0,0,0,0,0,0,0,0,0,0,0,0,0,0,0,0,0,0,0,0,0,0,0,0,0,0,0,0,0,0,0,0,0,0,0,0,0,0,0,0,0,0,0,0,0,0,0,0,0,0,0,0,0,0,0,0,0,0,0,0,0,0,0,0,0,0,0,0,0,0,0,0,0,0,0,0,0,0,0,0,0,0,0,0,0,0,0,0,0,0,0,0,0,0,0,0,0,0,0,0,0,0,0,0,0,0,0,0,0,0,0,0,0,0,0,0,0,0,0,0,0,0,0,0,0,0,0,0,0,0,0,0,0,0,0,0,0,0,0,0,0,0,0,0,0,0,0,0,0,0,0,0,0,0,0,0,0,0,0,0,0,0,0,0,0,0,0,0,0,0,0,0,0,0,0,0,0,0,0,0,0,0,0,0,0,0,0,0,0,0,0,0,0,0,0,0,0,0,0,0,0,0,0,0,0,0,0,0,0,0,0,0,0,0,0,0,0,0,0,0,0,0,0,0,0,0,0,0,0,0,0,0,0,0,0,0,0,0,0,0,0,0,0,0,0,0,0,0,0,0,0,0,0,0,0,0,0,0,0,0,0,0,0,0,0,0,0,0,0,0,0,0,0,0,0,0,0,0,0,0,0,0,0,0,0,0,0,0,0,0,0,0,0,0,0,0,0,0,0,0,0,0,0,0,0,0,0,0,0,0,0,0,0,0,0,0,0,0,0,0,0,0,0,0,0,0,0,0,0,0,0,0,0,0,0,0,0,0,0,0,0,0,0,0,0,0,0,0,0,0,0,0,0,0,0,0,0,0,0,0,0,0,0,0,0,0,0,0,0,0,0,0,0,0,0,0,0,0,0,0,0,0,0,0,0,0,0,0,0,0,0,0,0,0,0,0,0,0,0,0,0,0,0,0,0,0,0,0,0,0,0,0,0,0,0,0,0,0,0,0,0,0,0,0,0,0,0,0,0,0,0,0,0,0,0,0,0,0,0,0,0,0,0,0,0,0,0,0,0,0,0,0,0,0,0,0,0,0,0,0,0,0,0,0,0,0,0,0,0,0,0,0,0,0,0,0,0,0,0,0,0,0,0,0,0,0,0,0,0,0,0,0,0,0,0,0,0,0,0,0,0,0,0,0,0,0,0,0,0,0,0,0,0,0,0,0,0,0,0,0,0,0,0,0,0,0,0,0,0,0,0,0,0,0,0,0,0,0,0,0,0,0,0,0,0,0,0,0,0,0,0,0,0,0,0,0,0,0,0,0,0,0,0,0,0,0,0,0,0,0,0,0,0,0,0,0,0,0,0,0,0,0,0,0,0,0,0,0,0,0,0,0,0,0,0,0,0,0,0
1768798399.009609,2,17,17,225,136,72,34,84,26,67,12,64,252,0,0,6,16,101,0,191,0,95,254,139,0,214,0,5,1,248,255,122,0,64,255,140,255,96,255,179,254,21,0,132,254,115,1,127,255,128,2,232,0,38,3,103,2,179,2,141,3,135,1,254,3,237,255,106,3,78,254,72,2,53,253,189,0,225,252,91,255,109,253,168,254,107,254,159,254,140,255,63,255,76,0,18,0,117,0,190,0,4,0,235,0,56,255,235,0,56,255,126,255,9,254,89,254,107,254,162,253,126,255,176,253,232,0,113,254,251,1,9,40,0,0,0,225,128,128,128,0,0,0,0,0,0,0,0,224,255,11,255,235,0,28,255,19,0,244,0,8,0,24,165,254,86,255,119,254,88,0,129,255,48,1,35,0,73,1,193,1,95,1,112,2,181,255,98,2,5,255,145,1,249,253,33,0,32,253,88,255,96,253,172,253,187,253,130,253,58,255,15,253,1,0,195,253,97,1,19,255,173,1,70,0,97,1,198,0,9,0,142,0,17,255,142,0,17,255,36,254,194,254,161,253,138,255,120,252,6,1,86,253,118,2,171,254,151,3,108,0,217,3,15,2,228,2,155,2,33,1,142,1,89,255,0,0,0,0,0,0,0,0,0,0,0,0,0,0,0,0,0,0,0,0,0,0,0,0,0,0,0,0,0,0,0,0,0,0,0,0,0,0,0,0,0,0,0,0,0,0,0,0,0,0,0,0,0,0,0,0,0,0,0,0,0,0,0,0,0,0,0,0,0,0,0,0,0,0,0,0,0,0,0,0,0,0,0,0,0,0,0,0,0,0,0,0,0,0,0,0,0,0,0,0,0,0,0,0,0,0,0,0,0,0,0,0,0,0,0,0,0,0,0,0,0,0,0,0,0,0,0,0,0,0,0,0,0,0,0,0,0,0,0,0,0,0,0,0,0,0,0,0,0,0,0,0,0,0,0,0,0,0,0,0,0,0,0,0,0,0,0,0,0,0,0,0,0,0,0,0,0,0,0,0,0,0,0,0,0,0,0,0,0,0,0,0,0,0,0,0,0,0,0,0,0,0,0,0,0,0,0,0,0,0,0,0,0,0,0,0,0,0,0,0,0,0,0,0,0,0,0,0,0,0,0,0,0,0,0,0,0,0,0,0,0,0,0,0,0,0,0,0,0,0,0,0,0,0,0,0,0,0,0,0,0,0,0,0,0,0,0,0,0,0,0,0,0,0,0,0,0,0,0,0,0,0,0,0,0,0,0,0,0,0,0,0,0,0,0,0,0,0,0,0,0,0,0,0,0,0,0,0,0,0,0,0,0,0,0,0,0,0,0,0,0,0,0,0,0,0,0,0,0,0,0,0,0,0,0,0,0,0,0,0,0,0,0,0,0,0,0,0,0,0,0,0,0,0,0,0,0,0,0,0,0,0,0,0,0,0,0,0,0,0,0,0,0,0,0,0,0,0,0,0,0,0,0,0,0,0,0,0,0,0,0,0,0,0,0,0,0,0,0,0,0,0,0,0,0,0,0,0,0,0,0,0,0,0,0,0,0,0,0,0,0,0,0,0,0,0,0,0,0,0,0,0,0,0,0,0,0,0,0,0,0,0,0,0,0,0,0,0,0,0,0,0,0,0,0,0,0,0,0,0,0,0,0,0,0,0,0,0,0,0,0,0,0,0,0,0,0,0,0,0,0,0,0,0,0,0,0,0,0,0,0,0,0,0,0,0,0,0,0,0,0,0,0,0,0,0,0,0,0,0,0,0,0,0,0,0,0,0,0,0,0,0,0,0,0,0,0,0,0,0,0,0,0,0,0,0,0,0,0,0,0,0,0,0,0,0,0,0,0,0,0,0,0,0,0,0,0,0,0,0,0,0,0,0,0,0,0,0,0,0,0,0,0,0,0,0,0,0,0,0,0,0,0,0,0,0,0,0,0,0,0,0,0,0,0,0,0,0,0,0,0,0,0,0,0,0,0,0,0,0,0,0,0,0,0,0,0,0,0,0,0,0,0,0,0,0,0,0,0,0,0,0,0,0,0,0,0,0,0,0,0,0,0,0,0,0,0,0,0,0,0,0,0,0,0,0,0,0,0,0,0,0,0,0,0,0,0,0,0,0,0,0,0,0,0,0,0,0,0,0,0,0,0,0,0,0,0,0,0,0,0,0,0,0,0,0,0,0,0,0,0,0,0,0,0,0,0,0,0,0,0,0,0,0,0,0,0,0,0,0,0,0,0,0,0,0
1768798399.010765,2,17,17,225,136,72,34,84,26,67,12,80,252,0,0,6,16,101,0,191,0,95,254,242,254,26,0,238,255,1,1,195,0,109,0,133,0,91,255,46,255,3,255,3,254,51,0,121,254,23,2,105,0,55,3,191,2,132,2,222,3,49,0,50,3,153,253,245,0,81,252,100,254,197,252,13,253,191,254,117,253,232,0,10,255,222,1,119,0,91,1,209,0,59,0,18,0,130,255,64,255,217,255,58,255,215,0,61,0,179,1,152,1,52,1,152,1,52,1,104,1,240,253,106,255,135,253,226,253,202,254,9,40,0,0,0,225,128,128,128,0,0,0,0,0,0,0,0,224,255,11,255,235,0,28,255,19,0,244,0,8,0,24,34,0,166,0,198,0,229,255,98,0,12,255,211,254,15,255,96,254,52,0,102,254,173,1,152,0,158,2,52,2,94,1,173,2,185,255,117,2,177,253,33,0,50,253,18,254,230,253,159,253,146,255,132,254,25,1,201,255,125,1,132,0,98,0,37,0,54,255,78,255,96,255,94,254,194,0,137,254,215,1,176,0,153,2,196,2,235,1,158,3,223,255,247,2,91,253,112,0,31,252,193,253,28,253,19,253,163,255,250,254,91,1,0,0,0,0,0,0,0,0,0,0,0,0,0,0,0,0,0,0,0,0,0,0,0,0,0,0,0,0,0,0,0,0,0,0,0,0,0,0,0,0,0,0,0,0,0,0,0,0,0,0,0,0,0,0,0,0,0,0,0,0,0,0,0,0,0,0,0,0,0,0,0,0,0,0,0,0,0,0,0,0,0,0,0,0,0,0,0,0,0,0,0,0,0,0,0,0,0,0,0,0,0,0,0,0,0,0,0,0,0,0,0,0,0,0,0,0,0,0,0,0,0,0,0,0,0,0,0,0,0,0,0,0,0,0,0,0,0,0,0,0,0,0,0,0,0,0,0,0,0,0,0,0,0,0,0,0,0,0,0,0,0,0,0,0,0,0,0,0,0,0,0,0,0,0,0,0,0,0,0,0,0,0,0,0,0,0,0,0,0,0,0,0,0,0,0,0,0,0,0,0,0,0,0,0,0,0,0,0,0,0,0,0,0,0,0,0,0,0,0,0,0,0,0,0,0,0,0,0,0,0,0,0,0,0,0,0,0,0,0,0,0,0,0,0,0,0,0,0,0,0,0,0,0,0,0,0,0,0,0,0,0,0,0,0,0,0,0,0,0,0,0,0,0,0,0,0,0,0,0,0,0,0,0,0,0,0,0,0,0,0,0,0,0,0,0,0,0,0,0,0,0,0,0,0,0,0,0,0,0,0,0,0,0,0,0,0,0,0,0,0,0,0,0,0,0,0,0,0,0,0,0,0,0,0,0,0,0,0,0,0,0,0,0,0,0,0,0,0,0,0,0,0,0,0,0,0,0,0,0,0,0,0,0,0,0,0,0,0,0,0,0,0,0,0,0,0,0,0,0,0,0,0,0,0,0,0,0,0,0,0,0,0,0,0,0,0,0,0,0,0,0,0,0,0,0,0,0,0,0,0,0,0,0,0,0,0,0,0,0,0,0,0,0,0,0,0,0,0,0,0,0,0,0,0,0,0,0,0,0,0,0,0,0,0,0,0,0,0,0,0,0,0,0,0,0,0,0,0,0,0,0,0,0,0,0,0,0,0,0,0,0,0,0,0,0,0,0,0,0,0,0,0,0,0,0,0,0,0,0,0,0,0,0,0,0,0,0,0,0,0,0,0,0,0,0,0,0,0,0,0,0,0,0,0,0,0,0,0,0,0,0,0,0,0,0,0,0,0,0,0,0,0,0,0,0,0,0,0,0,0,0,0,0,0,0,0,0,0,0,0,0,0,0,0,0,0,0,0,0,0,0,0,0,0,0,0,0,0,0,0,0,0,0,0,0,0,0,0,0,0,0,0,0,0,0,0,0,0,0,0,0,0,0,0,0,0,0,0,0,0,0,0,0,0,0,0,0,0,0,0,0,0,0,0,0,0,0,0,0,0,0,0,0,0,0,0,0,0,0,0,0,0,0,0,0,0,0,0,0,0,0,0,0,0,0,0,0,0,0,0,0,0,0,0,0,0,0,0,0,0,0,0,0,0,0,0,0,0,0,0,0,0,0,0,0,0,0,0,0,0,0,0,0,0,0,0,0,0,0,0,0,0,0,0,0,0,0,0,0,0,0,0,0,0,0,0,0,0,0,0,0,0,0,0,0,0,0,0,0,0,0,0,0,0,0,0
1768798399.0116568,2,17,17,225,136,72,34,84,26,67,12,96,252,0,0,6,16,101,0,191,0,95,254,112,255,230,0,16,0,247,0,99,0,185,0,212,0,47,0,83,1,127,255,189,1,212,254,241,1,104,254,109,2,211,253,184,2,136,253,224,2,112,253,14,3,106,253,254,2,138,253,205,2,200,253,133,2,21,254,36,2,88,254,153,1,169,254,20,1,1,255,124,0,81,255,215,255,140,255,74,255,212,255,209,254,251,255,85,254,50,0,253,253,113,0,253,253,113,0,199,253,3,1,218,253,97,1,24,254,159,1,9,40,0,0,0,225,128,128,128,0,0,0,0,0,0,0,0,224,255,11,255,235,0,28,255,19,0,244,0,8,0,24,7,0,84,0,177,255,12,0,82,255,5,0,18,255,198,255,34,254,215,255,18,254,139,0,11,254,151,0,135,253,10,1,69,253,75,1,102,253,121,1,15,253,87,1,105,253,42,1,43,253,196,0,226,253,14,1,123,254,18,1,51,255,184,0,95,255,37,1,191,0,252,0,52,1,160,0,66,2,161,0,241,2,207,0,16,3,13,1,197,3,68,1,234,3,49,1,161,3,72,1,140,3,216,0,203,2,104,0,168,1,178,255,0,0,0,0,0,0,0,0,0,0,0,0,0,0,0,0,0,0,0,0,0,0,0,0,0,0,0,0,0,0,0,0,0,0,0,0,0,0,0,0,0,0,0,0,0,0,0,0,0,0,0,0,0,0,0,0,0,0,0,0,0,0,0,0,0,0,0,0,0,0,0,0,0,0,0,0,0,0,0,0,0,0,0,0,0,0,0,0,0,0,0,0,0,0,0,0,0,0,0,0,0,0,0,0,0,0,0,0,0,0,0,0,0,0,0,0,0,0,0,0,0,0,0,0,0,0,0,0,0,0,0,0,0,0,0,0,0,0,0,0,0,0,0,0,0,0,0,0,0,0,0,0,0,0,0,0,0,0,0,0,0,0,0,0,0,0,0,0,0,0,0,0,0,0,0,0,0,0,0,0,0,0,0,0,0,0,0,0,0,0,0,0,0,0,0,0,0,0,0,0,0,0,0,0,0,0,0,0,0,0,0,0,0,0,0,0,0,0,0,0,0,0,0,0,0,0,0,0,0,0,0,0,0,0,0,0,0,0,0,0,0,0,0,0,0,0,0,0,0,0,0,0,0,0,0,0,0,0,0,0,0,0,0,0,0,0,0,0,0,0,0,0,0,0,0,0,0,0,0,0,0,0,0,0,0,0,0,0,0,0,0,0,0,0,0,0,0,0,0,0,0,0,0,0,0,0,0,0,0,0,0,0,0,0,0,0,0,0,0,0,0,0,0,0,0,0,0,0,0,0,0,0,0,0,0,0,0,0,0,0,0,0,0,0,0,0,0,0,0,0,0,0,0,0,0,0,0,0,0,0,0,0,0,0,0,0,0,0,0,0,0,0,0,0,0,0,0,0,0,0,0,0,0,0,0,0,0,0,0,0,0,0,0,0,0,0,0,0,0,0,0,0,0,0,0,0,0,0,0,0,0,0,0,0,0,0,0,0,0,0,0,0,0,0,0,0,0,0,0,0,0,0,0,0,0,0,0,0,0,0,0,0,0,0,0,0,0,0,0,0,0,0,0,0,0,0,0,0,0,0,0,0,0,0,0,0,0,0,0,0,0,0,0,0,0,0,0,0,0,0,0,0,0,0,0,0,0,0,0,0,0,0,0,0,0,0,0,0,0,0,0,0,0,0,0,0,0,0,0,0,0,0,0,0,0,0,0,0,0,0,0,0,0,0,0,0,0,0,0,0,0,0,0,0,0,0,0,0,0,0,0,0,0,0,0,0,0,0,0,0,0,0,0,0,0,0,0,0,0,0,0,0,0,0,0,0,0,0,0,0,0,0,0,0,0,0,0,0,0,0,0,0,0,0,0,0,0,0,0,0,0,0,0,0,0,0,0,0,0,0,0,0,0,0,0,0,0,0,0,0,0,0,0,0,0,0,0,0,0,0,0,0,0,0,0,0,0,0,0,0,0,0,0,0,0,0,0,0,0,0,0,0,0,0,0,0,0,0,0,0,0,0,0,0,0,0,0,0,0,0,0,0,0,0,0,0,0,0,0,0,0,0,0,0,0,0,0,0,0,0,0,0,0,0,0,0,0,0,0,0,0,0,0,0,0,0,0,0,0,0,0,0,0,0,0,0,0,0,0,0,0,0,0,0,0,0,0,0,0,0,0,0,0,0,0,0
1768798399.0125175,2,17,17,225,136,72,34,84,26,67,12,112,252,0,0,6,16,101,0,191,0,95,254,242,255,235,254,40,255,160,255,55,255,24,0,166,255,186,0,123,0,55,1,147,1,62,1,122,2,231,0,70,3,229,255,128,3,227,254,71,3,236,253,185,2,36,253,230,1,165,252,241,0,127,252,7,0,206,252,68,255,115,253,221,254,67,254,208,254,34,255,32,255,219,255,182,255,99,0,106,0,153,0,35,1,118,0,35,1,118,0,212,1,14,255,144,1,62,254,236,0,169,253,6,0,112,253,69,255,155,253,9,40,0,0,0,225,128,128,128,0,0,0,0,0,0,0,0,224,255,11,255,235,0,28,255,19,0,244,0,8,0,24,102,255,9,0,128,255,105,0,46,0,145,0,245,0,133,0,159,1,12,0,252,1,43,255,221,1,77,254,23,1,138,253,121,0,173,252,112,255,187,252,125,254,253,252,214,253,217,253,96,253,186,254,148,253,146,255,63,254,104,0,24,255,191,0,47,0,196,0,232,0,106,0,120,1,143,255,205,1,174,254,171,1,182,253,171,1,182,253,97,0,57,252,51,255,20,252,45,254,132,252,128,253,126,253,130,253,146,254,81,254,74,0,0,0,0,0,0,0,0,0,0,0,0,0,0,0,0,0,0,0,0,0,0,0,0,0,0,0,0,0,0,0,0,0,0,0,0,0,0,0,0,0,0,0,0,0,0,0,0,0,0,0,0,0,0,0,0,0,0,0,0,0,0,0,0,0,0,0,0,0,0,0,0,0,0,0,0,0,0,0,0,0,0,0,0,0,0,0,0,0,0,0,0,0,0,0,0,0,0,0,0,0,0,0,0,0,0,0,0,0,0,0,0,0,0,0,0,0,0,0,0,0,0,0,0,0,0,0,0,0,0,0,0,0,0,0,0,0,0,0,0,0,0,0,0,0,0,0,0,0,0,0,0,0,0,0,0,0,0,0,0,0,0,0,0,0,0,0,0,0,0,0,0,0,0,0,0,0,0,0,0,0,0,0,0,0,0,0,0,0,0,0,0,0,0,0,0,0,0,0,0,0,0,0,0,0,0,0,0,0,0,0,0,0,0,0,0,0,0,0,0,0,0,0,0,0,0,0,0,0,0,0,0,0,0,0,0,0,0,0,0,0,0,0,0,0,0,0,0,0,0,0,0,0,0,0,0,0,0,0,0,0,0,0,0,0,0,0,0,0,0,0,0,0,0,0,0,0,0,0,0,0,0,0,0,0,0,0,0,0,0,0,0,0,0,0,0,0,0,0,0,0,0,0,0,0,0,0,0,0,0,0,0,0,0,0,0,0,0,0,0,0,0,0,0,0,0,0,0,0,0,0,0,0,0,0,0,0,0,0,0,0,0,0,0,0,0,0,0,0,0,0,0,0,0,0,0,0,0,0,0,0,0,0,0,0,0,0,0,0,0,0,0,0,0,0,0,0,0,0,0,0,0,0,0,0,0,0,0,0,0,0,0,0,0,0,0,0,0,0,0,0,0,0,0,0,0,0,0,0,0,0,0,0,0,0,0,0,0,0,0,0,0,0,0,0,0,0,0,0,0,0,0,0,0,0,0,0,0,0,0,0,0,0,0,0,0,0,0,0,0,0,0,0,0,0,0,0,0,0,0,0,0,0,0,0,0,0,0,0,0,0,0,0,0,0,0,0,0,0,0,0,0,0,0,0,0,0,0,0,0,0,0,0,0,0,0,0,0,0,0,0,0,0,0,0,0,0,0,0,0,0,0,0,0,0,0,0,0,0,0,0,0,0,0,0,0,0,0,0,0,0,0,0,0,0,0,0,0,0,0,0,0,0,0,0,0,0,0,0,0,0,0,0,0,0,0,0,0,0,0,0,0,0,0,0,0,0,0,0,0,0,0,0,0,0,0,0,0,0,0,0,0,0,0,0,0,0,0,0,0,0,0,0,0,0,0,0,0,0,0,0,0,0,0,0,0,0,0,0,0,0,0,0,0,0,0,0,0,0,0,0,0,0,0,0,0,0,0,0,0,0,0,0,0,0,0,0,0,0,0,0,0,0,0,0,0,0,0,0,0,0,0,0,0,0,0,0,0,0,0,0,0,0,0,0,0,0,0,0,0,0,0,0,0,0,0,0,0,0,0,0,0,0,0,0,0,0,0,0,0,0,0,0,0,0,0,0,0,0,0,0,0,0,0,0,0,0,0,0,0,0,0,0,0,0,0,0,0,0,0,0,0,0,0,0,0,0
1768798399.0242631,2,17,17,225,136,72,34,84,26,67,12,128,252,0,0,6,16,101,0,191,0,95,254,94,0,9,255,211,255,209,254,88,255,96,255,40,255,45,0,17,255,18,1,13,255,230,1,48,255,109,2,83,255,47,3,115,255,162,3,170,255,207,3,211,255,4,4,1,0,183,3,44,0,118,3,83,0,31,3,118,0,149,2,141,0,0,2,151,0,83,1,134,0,159,0,112,0,246,255,78,0,96,255,27,0,225,254,208,255,83,254,122,255,5,254,122,255,5,254,174,254,242,253,51,254,62,254,14,254,115,254,5,40,0,0,0,225,128,128,128,0,0,0,0,0,0,0,0,224,255,11,255,235,0,28,255,19,0,244,0,8,0,24,78,255,64,0,134,255,145,0,214,255,233,0,26,0,77,1,131,0,198,1,0,1,32,2,118,1,57,2,239,1,223,1,16,2,37,2,49,2,230,1,81,2,216,1,94,2,146,1,89,2,84,1,23,2,251,0,142,1,101,0,13,1,253,255,108,0,129,255,199,255,17,255,16,255,181,254,109,254,103,254,214,253,24,254,82,253,202,253,238,252,255,253,139,252,16,254,157,252,116,254,139,252,240,254,16,253,175,255,101,254,96,0,0,0,0,0,0,0,0,0,0,0,0,0,0,0,0,0,0,0,0,0,0,0,0,0,0,0,0,0,0,0,0,0,0,0,0,0,0,0,0,0,0,0,0,0,0,0,0,0,0,0,0,0,0,0,0,0,0,0,0,0,0,0,0,0,0,0,0,0,0,0,0,0,0,0,0,0,0,0,0,0,0,0,0,0,0,0,0,0,0,0,0,0,0,0,0,0,0,0,0,0,0,0,0,0,0,0,0,0,0,0,0,0,0,0,0,0,0,0,0,0,0,0,0,0,0,0,0,0,0,0,0,0,0,0,0,0,0,0,0,0,0,0,0,0,0,0,0,0,0,0,0,0,0,0,0,0,0,0,0,0,0,0,0,0,0,0,0,0,0,0,0,0,0,0,0,0,0,0,0,0,0,0,0,0,0,0,0,0,0,0,0,0,0,0,0,0,0,0,0,0,0,0,0,0,0,0,0,0,0,0,0,0,0,0,0,0,0,0,0,0,0,0,0,0,0,0,0,0,0,0,0,0,0,0,0,0,0,0,0,0,0,0,0,0,0,0,0,0,0,0,0,0,0,0,0,0,0,0,0,0,0,0,0,0,0,0,0,0,0,0,0,0,0,0,0,0,0,0,0,0,0,0,0,0,0,0,0,0,0,0,0,0,0,0,0,0,0,0,0,0,0,0,0,0,0,0,0,0,0,0,0,0,0,0,0,0,0,0,0,0,0,0,0,0,0,0,0,0,0,0,0,0,0,0,0,0,0,0,0,0,0,0,0,0,0,0,0,0,0,0,0,0,0,0,0,0,0,0,0,0,0,0,0,0,0,0,0,0,0,0,0,0,0,0,0,0,0,0,0,0,0,0,0,0,0,0,0,0,0,0,0,0,0,0,0,0,0,0,0,0,0,0,0,0,0,0,0,0,0,0,0,0,0,0,0,0,0,0,0,0,0,0,0,0,0,0,0,0,0,0,0,0,0,0,0,0,0,0,0,0,0,0,0,0,0,0,0,0,0,0,0,0,0,0,0,0,0,0,0,0,0,0,0,0,0,0,0,0,0,0,0,0,0,0,0,0,0,0,0,0,0,0,0,0,0,0,0,0,0,0,0,0,0,0,0,0,0,0,0,0,0,0,0,0,0,0,0,0,0,0,0,0,0,0,0,0,0,0,0,0,0,0,0,0,0,0,0,0,0,0,0,0,0,0,0,0,0,0,0,0,0,0,0,0,0,0,0,0,0,0,0,0,0,0,0,0,0,0,0,0,0,0,0,0,0,0,0,0,0,0,0,0,0,0,0,0,0,0,0,0,0,0,0,0,0,0,0,0,0,0,0,0,0,0,0,0,0,0,0,0,0,0,0,0,0,0,0,0,0,0,0,0,0,0,0,0,0,0,0,0,0,0,0,0,0,0,0,0,0,0,0,0,0,0,0,0,0,0,0,0,0,0,0,0,0,0,0,0,0,0,0,0,0,0,0,0,0,0,0,0,0,0,0,0,0,0,0,0,0,0,0,0,0,0,0,0,0,0,0,0,0,0,0,0,0,0,0,0,0,0,0,0,0,0,0,0,0,0,0,0,0,0,0,0,0,0,0,0,0,0,0,0,0,0,0,0,0,0,0,0,0,0,0,0,0,0
1768798399.0255957,2,17,17,224,136,72,34,84,26,67,12,144,252,0,0,6,16,101,0,191,0,95,254,35,255,146,0,193,0,201,0,181,0,131,255,118,255,120,255,88,255,30,1,109,1,125,1,107,2,26,255,92,0,181,252,255,252,230,253,148,252,164,1,171,255,225,3,21,3,32,2,61,3,116,254,54,0,216,252,184,253,152,254,61,254,18,1,46,0,98,1,212,0,20,0,226,255,130,255,94,255,120,0,132,0,33,1,174,1,212,255,153,0,6,254,153,0,6,254,204,253,23,1,43,0,130,2,44,2,236,0,5,40,0,0,0,224,128,128,128,0,0,0,0,0,0,0,0,224,255,11,255,235,0,28,255,19,0,244,0,8,0,24,235,255,23,0,195,255,114,0,146,0,153,0,170,1,220,255,84,0,22,254,254,253,72,254,153,253,31,1,47,0,198,2,162,2,146,1,227,1,137,254,225,255,254,252,249,253,2,255,207,253,164,1,18,0,253,1,191,1,106,0,217,0,79,255,47,255,195,255,77,0,172,0,151,1,73,0,219,0,231,253,167,254,164,253,214,252,253,255,139,254,79,3,169,2,218,2,196,3,7,255,182,0,136,252,178,253,30,254,187,254,17,1,0,0,0,0,0,0,0,0,0,0,0,0,0,0,0,0,0,0,0,0,0,0,0,0,0,0,0,0,0,0,0,0,0,0,0,0,0,0,0,0,0,0,0,0,0,0,0,0,0,0,0,0,0,0,0,0,0,0,0,0,0,0,0,0,0,0,0,0,0,0,0,0,0,0,0,0,0,0,0,0,0,0,0,0,0,0,0,0,0,0,0,0,0,0,0,0,0,0,0,0,0,0,0,0,0,0,0,0,0,0,0,0,0,0,0,0,0,0,0,0,0,0,0,0,0,0,0,0,0,0,0,0,0,0,0,0,0,0,0,0,0,0,0,0,0,0,0,0,0,0,0,0,0,0,0,0,0,0,0,0,0,0,0,0,0,0,0,0,0,0,0,0,0,0,0,0,0,0,0,0,0,0,0,0,0,0,0,0,0,0,0,0,0,0,0,0,0,0,0,0,0,0,0,0,0,0,0,0,0,0,0,0,0,0,0,0,0,0,0,0,0,0,0,0,0,0,0,0,0,0,0,0,0,0,0,0,0,0,0,0,0,0,0,0,0,0,0,0,0,0,0,0,0,0,0,0,0,0,0,0,0,0,0,0,0,0,0,0,0,0,0,0,0,0,0,0,0,0,0,0,0,0,0,0,0,0,0,0,0,0,0,0,0,0,0,0,0,0,0,0,0,0,0,0,0,0,0,0,0,0,0,0,0,0,0,0,0,0,0,0,0,0,0,0,0,0,0,0,0,0,0,0,0,0,0,0,0,0,0,0,0,0,0,0,0,0,0,0,0,0,0,0,0,0,0,0,0,0,0,0,0,0,0,0,0,0,0,0,0,0,0,0,0,0,0,0,0,0,0,0,0,0,0,0,0,0,0,0,0,0,0,0,0,0,0,0,0,0,0,0,0,0,0,0,0,0,0,0,0,0,0,0,0,0,0,0,0,0,0,0,0,0,0,0,0,0,0,0,0,0,0,0,0,0,0,0,0,0,0,0,0,0,0,0,0,0,0,0,0,0,0,0,0,0,0,0,0,0,0,0,0,0,0,0,0,0,0,0,0,0,0,0,0,0,0,0,0,0,0,0,0,0,0,0,0,0,0,0,0,0,0,0,0,0,0,0,0,0,0,0,0,0,0,0,0,0,0,0,0,0,0,0,0,0,0,0,0,0,0,0,0,0,0,0,0,0,0,0,0,0,0,0,0,0,0,0,0,0,0,0,0,0,0,0,0,0,0,0,0,0,0,0,0,0,0,0,0,0,0,0,0,0,0,0,0,0,0,0,0,0,0,0,0,0,0,0,0,0,0,0,0,0,0,0,0,0,0,0,0,0,0,0,0,0,0,0,0,0,0,0,0,0,0,0,0,0,0,0,0,0,0,0,0,0,0,0,0,0,0,0,0,0,0,0,0,0,0,0,0,0,0,0,0,0,0,0,0,0,0,0,0,0,0,0,0,0,0,0,0,0,0,0,0,0,0,0,0,0,0,0,0,0,0,0,0,0,0,0,0,0,0,0,0,0,0,0,0,0,0,0,0,0,0,0,0,0,0,0,0,0,0,0,0,0,0,0,0,0,0,0,0,0,0,0,0,0,0,0,0,0,0,0,0,0,0,0,0,0,0,0,0,0,0,0,0,0
1768798407.0146472,2,17,17,224,136,72,34,84,26,67,12,224,121,0,0,6,16,101,0,191,0,95,254,86,0,215,0,225,0,224,255,51,0,101,255,131,255,236,255,179,255,15,1,36,1,113,1,86,2,70,0,105,2,43,254,173,0,177,252,75,254,221,252,153,252,166,254,172,252,26,1,76,254,221,2,130,0,246,2,235,1,142,1,243,1,230,255,238,0,255,254,230,255,63,255,183,255,5,0,82,0,127,0,1,1,11,0,250,0,229,254,221,255,50,254,106,254,183,254,209,253,81,0,191,254,235,1,167,0,61,2,9,40,0,0,0,224,128,128,128,0,0,0,0,0,0,0,0,224,255,11,255,235,0,28,255,19,0,244,0,8,0,24,77,1,140,255,24,0,18,255,3,255,120,255,138,255,180,0,119,0,185,1,140,1,210,0,21,2,5,255,97,1,39,254,19,255,110,253,156,253,39,254,98,253,128,0,63,254,237,1,123,255,15,2,43,1,38,1,27,1,97,0,183,0,188,255,133,255,22,0,217,255,143,0,199,0,71,1,202,1,95,0,115,2,188,254,9,1,27,253,203,254,208,252,124,252,66,254,145,252,4,1,61,254,227,2,171,0,151,2,111,1,118,0,0,0,0,0,0,0,0,0,0,0,0,0,0,0,0,0,0,0,0,0,0,0,0,0,0,0,0,0,0,0,0,0,0,0,0,0,0,0,0,0,0,0,0,0,0,0,0,0,0,0,0,0,0,0,0,0,0,0,0,0,0,0,0,0,0,0,0,0,0,0,0,0,0,0,0,0,0,0,0,0,0,0,0,0,0,0,0,0,0,0,0,0,0,0,0,0,0,0,0,0,0,0,0,0,0,0,0,0,0,0,0,0,0,0,0,0,0,0,0,0,0,0,0,0,0,0,0,0,0,0,0,0,0,0,0,0,0,0,0,0,0,0,0,0,0,0,0,0,0,0,0,0,0,0,0,0,0,0,0,0,0,0,0,0,0,0,0,0,0,0,0,0,0,0,0,0,0,0,0,0,0,0,0,0,0,0,0,0,0,0,0,0,0,0,0,0,0,0,0,0,0,0,0,0,0,0,0,0,0,0,0,0,0,0,0,0,0,0,0,0,0,0,0,0,0,0,0,0,0,0,0,0,0,0,0,0,0,0,0,0,0,0,0,0,0,0,0,0,0,0,0,0,0,0,0,0,0,0,0,0,0,0,0,0,0,0,0,0,0,0,0,0,0,0,0,0,0,0,0,0,0,0,0,0,0,0,0,0,0,0,0,0,0,0,0,0,0,0,0,0,0,0,0,0,0,0,0,0,0,0,0,0,0,0,0,0,0,0,0,0,0,0,0,0,0,0,0,0,0,0,0,0,0,0,0,0,0,0,0,0,0,0,0,0,0,0,0,0,0,0,0,0,0,0,0,0,0,0,0,0,0,0,0,0,0,0,0,0,0,0,0,0,0,0,0,0,0,0,0,0,0,0,0,0,0,0,0,0,0,0,0,0,0,0,0,0,0,0,0,0,0,0,0,0,0,0,0,0,0,0,0,0,0,0,0,0,0,0,0,0,0,0,0,0,0,0,0,0,0,0,0,0,0,0,0,0,0,0,0,0,0,0,0,0,0,0,0,0,0,0,0,0,0,0,0,0,0,0,0,0,0,0,0,0,0,0,0,0,0,0,0,0,0,0,0,0,0,0,0,0,0,0,0,0,0,0,0,0,0,0,0,0,0,0,0,0,0,0,0,0,0,0,0,0,0,0,0,0,0,0,0,0,0,0,0,0,0,0,0,0,0,0,0,0,0,0,0,0,0,0,0,0,0,0,0,0,0,0,0,0,0,0,0,0,0,0,0,0,0,0,0,0,0,0,0,0,0,0,0,0,0,0,0,0,0,0,0,0,0,0,0,0,0,0,0,0,0,0,0,0,0,0,0,0,0,0,0,0,0,0,0,0,0,0,0,0,0,0,0,0,0,0,0,0,0,0,0,0,0,0,0,0,0,0,0,0,0,0,0,0,0,0,0,0,0,0,0,0,0,0,0,0,0,0,0,0,0,0,0,0,0,0,0,0,0,0,0,0,0,0,0,0,0,0,0,0,0,0,0,0,0,0,0,0,0,0,0,0,0,0,0,0,0,0,0,0,0,0,0,0,0,0,0,0,0,0,0,0,0,0,0,0,0,0,0,0,0,0,0,0,0,0,0,0,0,0,0,0,0,0,0,0,0,0,0,0,0,0,0,0,0,0,0,0,0,0
1768798407.017244,2,17,17,224,136,72,34,84,26,67,12,240,121,0,0,6,16,101,0,191,0,95,254,135,255,50,255,58,255,65,0,239,255,157,0,120,0,229,255,25,0,244,254,152,254,210,254,155,253,98,0,46,254,99,2,85,0,101,3,155,2,119,2,179,3,37,0,191,2,213,253,150,0,181,252,109,254,132,253,154,253,100,255,79,254,235,0,163,255,79,1,118,0,164,0,75,0,206,255,133,255,191,255,54,255,129,0,205,255,120,1,34,1,106,1,14,2,36,0,151,1,121,254,227,255,185,253,64,254,123,254,9,40,0,0,0,224,128,128,128,0,0,0,0,0,0,0,0,224,255,11,255,235,0,28,255,19,0,244,0,8,0,24,132,254,137,255,21,255,173,0,121,0,196,0,219,0,134,255,244,255,57,254,60,254,147,254,55,253,218,255,236,253,165,1,134,255,13,3,142,1,74,2,9,3,187,0,94,2,31,254,171,0,79,253,159,254,62,254,143,254,161,255,167,255,214,0,165,0,127,0,219,0,10,255,128,255,179,254,10,254,86,255,183,253,27,1,176,254,219,2,115,1,86,3,63,3,188,1,63,3,3,255,160,1,51,253,47,255,154,253,130,254,174,255,0,0,0,0,0,0,0,0,0,0,0,0,0,0,0,0,0,0,0,0,0,0,0,0,0,0,0,0,0,0,0,0,0,0,0,0,0,0,0,0,0,0,0,0,0,0,0,0,0,0,0,0,0,0,0,0,0,0,0,0,0,0,0,0,0,0,0,0,0,0,0,0,0,0,0,0,0,0,0,0,0,0,0,0,0,0,0,0,0,0,0,0,0,0,0,0,0,0,0,0,0,0,0,0,0,0,0,0,0,0,0,0,0,0,0,0,0,0,0,0,0,0,0,0,0,0,0,0,0,0,0,0,0,0,0,0,0,0,0,0,0,0,0,0,0,0,0,0,0,0,0,0,0,0,0,0,0,0,0,0,0,0,0,0,0,0,0,0,0,0,0,0,0,0,0,0,0,0,0,0,0,0,0,0,0,0,0,0,0,0,0,0,0,0,0,0,0,0,0,0,0,0,0,0,0,0,0,0,0,0,0,0,0,0,0,0,0,0,0,0,0,0,0,0,0,0,0,0,0,0,0,0,0,0,0,0,0,0,0,0,0,0,0,0,0,0,0,0,0,0,0,0,0,0,0,0,0,0,0,0,0,0,0,0,0,0,0,0,0,0,0,0,0,0,0,0,0,0,0,0,0,0,0,0,0,0,0,0,0,0,0,0,0,0,0,0,0,0,0,0,0,0,0,0,0,0,0,0,0,0,0,0,0,0,0,0,0,0,0,0,0,0,0,0,0,0,0,0,0,0,0,0,0,0,0,0,0,0,0,0,0,0,0,0,0,0,0,0,0,0,0,0,0,0,0,0,0,0,0,0,0,0,0,0,0,0,0,0,0,0,0,0,0,0,0,0,0,0,0,0,0,0,0,0,0,0,0,0,0,0,0,0,0,0,0,0,0,0,0,0,0,0,0,0,0,0,0,0,0,0,0,0,0,0,0,0,0,0,0,0,0,0,0,0,0,0,0,0,0,0,0,0,0,0,0,0,0,0,0,0,0,0,0,0,0,0,0,0,0,0,0,0,0,0,0,0,0,0,0,0,0,0,0,0,0,0,0,0,0,0,0,0,0,0,0,0,0,0,0,0,0,0,0,0,0,0,0,0,0,0,0,0,0,0,0,0,0,0,0,0,0,0,0,0,0,0,0,0,0,0,0,0,0,0,0,0,0,0,0,0,0,0,0,0,0,0,0,0,0,0,0,0,0,0,0,0,0,0,0,0,0,0,0,0,0,0,0,0,0,0,0,0,0,0,0,0,0,0,0,0,0,0,0,0,0,0,0,0,0,0,0,0,0,0,0,0,0,0,0,0,0,0,0,0,0,0,0,0,0,0,0,0,0,0,0,0,0,0,0,0,0,0,0,0,0,0,0,0,0,0,0,0,0,0,0,0,0,0,0,0,0,0,0,0,0,0,0,0,0,0,0,0,0,0,0,0,0,0,0,0,0,0,0,0,0,0,0,0,0,0,0,0,0,0,0,0,0,0,0,0,0,0,0,0,0,0,0,0,0,0,0,0,0,0,0,0,0,0,0,0,0,0,0,0,0,0,0,0,0,0,0,0,0,0,0,0,0,0,0,0,0,0,0,0,0,0,0,0,0,0,0,0,0,0,0,0,0,0,0,0,0,0,0,0,0,0
1768798407.0186,2,17,17,224,136,72,34,84,26,67,12,0,122,0,0,6,16,101,0,191,0,95,254,20,255,251,255,138,255,175,0,29,0,139,0,143,0,13,0,128,0,35,255,199,255,60,254,163,254,47,254,126,253,96,254,174,252,98,255,118,252,162,0,224,252,230,1,214,253,216,2,20,255,55,3,75,0,243,2,42,1,46,2,135,1,47,1,89,1,75,0,193,0,187,255,0,0,152,255,107,255,252,255,87,255,180,0,146,255,106,1,94,0,197,1,94,0,197,1,12,2,229,0,74,2,201,255,254,1,207,254,9,40,0,0,0,224,128,128,128,0,0,0,0,0,0,0,0,224,255,11,255,235,0,28,255,19,0,244,0,8,0,24,203,255,37,0,182,255,50,0,154,255,151,0,171,255,13,1,87,0,88,1,114,1,108,1,67,2,55,1,159,2,231,255,152,2,216,254,45,2,193,253,55,1,86,253,38,0,85,253,65,255,201,253,208,254,174,254,171,254,134,255,16,255,2,0,31,0,41,0,31,0,41,0,32,1,46,255,219,0,19,254,63,0,75,253,4,255,17,253,174,253,69,253,177,252,12,254,106,252,126,255,213,252,254,0,214,253,191,1,212,255,145,1,0,0,0,0,0,0,0,0,0,0,0,0,0,0,0,0,0,0,0,0,0,0,0,0,0,0,0,0,0,0,0,0,0,0,0,0,0,0,0,0,0,0,0,0,0,0,0,0,0,0,0,0,0,0,0,0,0,0,0,0,0,0,0,0,0,0,0,0,0,0,0,0,0,0,0,0,0,0,0,0,0,0,0,0,0,0,0,0,0,0,0,0,0,0,0,0,0,0,0,0,0,0,0,0,0,0,0,0,0,0,0,0,0,0,0,0,0,0,0,0,0,0,0,0,0,0,0,0,0,0,0,0,0,0,0,0,0,0,0,0,0,0,0,0,0,0,0,0,0,0,0,0,0,0,0,0,0,0,0,0,0,0,0,0,0,0,0,0,0,0,0,0,0,0,0,0,0,0,0,0,0,0,0,0,0,0,0,0,0,0,0,0,0,0,0,0,0,0,0,0,0,0,0,0,0,0,0,0,0,0,0,0,0,0,0,0,0,0,0,0,0,0,0,0,0,0,0,0,0,0,0,0,0,0,0,0,0,0,0,0,0,0,0,0,0,0,0,0,0,0,0,0,0,0,0,0,0,0,0,0,0,0,0,0,0,0,0,0,0,0,0,0,0,0,0,0,0,0,0,0,0,0,0,0,0,0,0,0,0,0,0,0,0,0,0,0,0,0,0,0,0,0,0,0,0,0,0,0,0,0,0,0,0,0,0,0,0,0,0,0,0,0,0,0,0,0,0,0,0,0,0,0,0,0,0,0,0,0,0,0,0,0,0,0,0,0,0,0,0,0,0,0,0,0,0,0,0,0,0,0,0,0,0,0,0,0,0,0,0,0,0,0,0,0,0,0,0,0,0,0,0,0,0,0,0,0,0,0,0,0,0,0,0,0,0,0,0,0,0,0,0,0,0,0,0,0,0,0,0,0,0,0,0,0,0,0,0,0,0,0,0,0,0,0,0,0,0,0,0,0,0,0,0,0,0,0,0,0,0,0,0,0,0,0,0,0,0,0,0,0,0,0,0,0,0,0,0,0,0,0,0,0,0,0,0,0,0,0,0,0,0,0,0,0,0,0,0,0,0,0,0,0,0,0,0,0,0,0,0,0,0,0,0,0,0,0,0,0,0,0,0,0,0,0,0,0,0,0,0,0,0,0,0,0,0,0,0,0,0,0,0,0,0,0,0,0,0,0,0,0,0,0,0,0,0,0,0,0,0,0,0,0,0,0,0,0,0,0,0,0,0,0,0,0,0,0,0,0,0,0,0,0,0,0,0,0,0,0,0,0,0,0,0,0,0,0,0,0,0,0,0,0,0,0,0,0,0,0,0,0,0,0,0,0,0,0,0,0,0,0,0,0,0,0,0,0,0,0,0,0,0,0,0,0,0,0,0,0,0,0,0,0,0,0,0,0,0,0,0,0,0,0,0,0,0,0,0,0,0,0,0,0,0,0,0,0,0,0,0,0,0,0,0,0,0,0,0,0,0,0,0,0,0,0,0,0,0,0,0,0,0,0,0,0,0,0,0,0,0,0,0,0,0,0,0,0,0,0,0,0,0,0,0,0,0,0,0,0,0,0,0,0,0,0,0,0,0,0,0,0,0,0,0,0,0,0,0,0,0,0,0,0,0,0,0,0
1768798407.0200236,2,17,17,224,136,72,34,84,26,67,12,16,122,0,0,6,16,101,0,191,0,95,254,155,255,224,0,69,0,204,0,122,0,98,0,105,0,191,255,103,0,14,255,29,0,63,254,161,255,190,253,34,255,23,253,160,254,237,252,71,254,232,252,233,253,2,253,177,253,87,253,162,253,176,253,162,253,39,254,216,253,187,254,56,254,55,255,165,254,165,255,53,255,5,0,206,255,68,0,102,0,96,0,236,0,78,0,112,1,40,0,198,1,202,255,198,1,202,255,226,1,215,254,153,1,102,254,71,1,14,254,9,40,0,0,0,224,128,128,128,0,0,0,0,0,0,0,0,224,255,11,255,235,0,28,255,19,0,244,0,8,0,24,128,255,80,0,31,0,86,0,209,0,69,0,152,1,15,0,13,2,86,255,42,2,229,254,50,2,87,254,75,1,242,253,106,1,107,253,15,1,48,253,203,0,43,253,154,0,71,253,31,0,145,253,6,0,218,253,171,255,93,254,158,255,64,255,13,0,224,255,244,255,231,0,90,0,192,1,212,0,31,2,26,1,184,2,94,1,137,2,39,2,2,3,133,2,219,2,178,2,81,2,184,2,210,1,109,2,23,1,158,1,242,255,0,0,0,0,0,0,0,0,0,0,0,0,0,0,0,0,0,0,0,0,0,0,0,0,0,0,0,0,0,0,0,0,0,0,0,0,0,0,0,0,0,0,0,0,0,0,0,0,0,0,0,0,0,0,0,0,0,0,0,0,0,0,0,0,0,0,0,0,0,0,0,0,0,0,0,0,0,0,0,0,0,0,0,0,0,0,0,0,0,0,0,0,0,0,0,0,0,0,0,0,0,0,0,0,0,0,0,0,0,0,0,0,0,0,0,0,0,0,0,0,0,0,0,0,0,0,0,0,0,0,0,0,0,0,0,0,0,0,0,0,0,0,0,0,0,0,0,0,0,0,0,0,0,0,0,0,0,0,0,0,0,0,0,0,0,0,0,0,0,0,0,0,0,0,0,0,0,0,0,0,0,0,0,0,0,0,0,0,0,0,0,0,0,0,0,0,0,0,0,0,0,0,0,0,0,0,0,0,0,0,0,0,0,0,0,0,0,0,0,0,0,0,0,0,0,0,0,0,0,0,0,0,0,0,0,0,0,0,0,0,0,0,0,0,0,0,0,0,0,0,0,0,0,0,0,0,0,0,0,0,0,0,0,0,0,0,0,0,0,0,0,0,0,0,0,0,0,0,0,0,0,0,0,0,0,0,0,0,0,0,0,0,0,0,0,0,0,0,0,0,0,0,0,0,0,0,0,0,0,0,0,0,0,0,0,0,0,0,0,0,0,0,0,0,0,0,0,0,0,0,0,0,0,0,0,0,0,0,0,0,0,0,0,0,0,0,0,0,0,0,0,0,0,0,0,0,0,0,0,0,0,0,0,0,0,0,0,0,0,0,0,0,0,0,0,0,0,0,0,0,0,0,0,0,0,0,0,0,0,0,0,0,0,0,0,0,0,0,0,0,0,0,0,0,0,0,0,0,0,0,0,0,0,0,0,0,0,0,0,0,0,0,0,0,0,0,0,0,0,0,0,0,0,0,0,0,0,0,0,0,0,0,0,0,0,0,0,0,0,0,0,0,0,0,0,0,0,0,0,0,0,0,0,0,0,0,0,0,0,0,0,0,0,0,0,0,0,0,0,0,0,0,0,0,0,0,0,0,0,0,0,0,0,0,0,0,0,0,0,0,0,0,0,0,0,0,0,0,0,0,0,0,0,0,0,0,0,0,0,0,0,0,0,0,0,0,0,0,0,0,0,0,0,0,0,0,0,0,0,0,0,0,0,0,0,0,0,0,0,0,0,0,0,0,0,0,0,0,0,0,0,0,0,0,0,0,0,0,0,0,0,0,0,0,0,0,0,0,0,0,0,0,0,0,0,0,0,0,0,0,0,0,0,0,0,0,0,0,0,0,0,0,0,0,0,0,0,0,0,0,0,0,0,0,0,0,0,0,0,0,0,0,0,0,0,0,0,0,0,0,0,0,0,0,0,0,0,0,0,0,0,0,0,0,0,0,0,0,0,0,0,0,0,0,0,0,0,0,0,0,0,0,0,0,0,0,0,0,0,0,0,0,0,0,0,0,0,0,0,0,0,0,0,0,0,0,0,0,0,0,0,0,0,0,0,0,0,0,0,0,0,0,0,0,0,0,0,0,0,0,0,0,0,0,0,0,0,0,0,0,0,0,0,0,0,0
1768798415.9785426,2,17,17,222,136,72,34,84,26,67,12,32,207,0,0,6,16,101,0,191,0,95,254,247,255,129,2,154,1,141,3,91,2,212,3,59,3,95,3,149,3,197,2,179,3,249,1,82,3,240,0,183,3,100,0,171,3,165,255,174,3,245,254,155,3,74,254,119,3,198,253,57,3,113,253,0,3,22,253,182,2,232,252,97,2,198,252,232,1,187,252,109,1,213,252,237,0,252,252,115,0,53,253,220,255,104,253,96,255,155,253,200,254,230,253,200,254,230,253,237,253,255,254,181,253,167,255,236,253,85,0,5,40,0,0,0,222,128,128,128,0,0,0,0,0,0,0,0,224,255,11,255,235,0,28,255,19,0,244,0,8,0,24,186,255,31,255,242,254,65,255,148,254,32,255,253,253,120,255,209,253,54,0,127,253,138,0,127,253,138,0,38,254,247,1,111,253,195,2,237,253,197,2,250,253,185,3,74,254,35,4,182,254,72,4,128,255,195,4,52,255,3,5,142,255,213,4,41,0,136,4,129,0,106,4,137,0,212,3,206,1,103,3,5,2,189,2,244,2,49,2,98,3,80,1,222,3,246,0,36,4,52,0,10,4,81,255,152,3,240,254,17,2,82,254,0,0,0,0,0,0,0,0,0,0,0,0,0,0,0,0,0,0,0,0,0,0,0,0,0,0,0,0,0,0,0,0,0,0,0,0,0,0,0,0,0,0,0,0,0,0,0,0,0,0,0,0,0,0,0,0,0,0,0,0,0,0,0,0,0,0,0,0,0,0,0,0,0,0,0,0,0,0,0,0,0,0,0,0,0,0,0,0,0,0,0,0,0,0,0,0,0,0,0,0,0,0,0,0,0,0,0,0,0,0,0,0,0,0,0,0,0,0,0,0,0,0,0,0,0,0,0,0,0,0,0,0,0,0,0,0,0,0,0,0,0,0,0,0,0,0,0,0,0,0,0,0,0,0,0,0,0,0,0,0,0,0,0,0,0,0,0,0,0,0,0,0,0,0,0,0,0,0,0,0,0,0,0,0,0,0,0,0,0,0,0,0,0,0,0,0,0,0,0,0,0,0,0,0,0,0,0,0,0,0,0,0,0,0,0,0,0,0,0,0,0,0,0,0,0,0,0,0,0,0,0,0,0,0,0,0,0,0,0,0,0,0,0,0,0,0,0,0,0,0,0,0,0,0,0,0,0,0,0,0,0,0,0,0,0,0,0,0,0,0,0,0,0,0,0,0,0,0,0,0,0,0,0,0,0,0,0,0,0,0,0,0,0,0,0,0,0,0,0,0,0,0,0,0,0,0,0,0,0,0,0,0,0,0,0,0,0,0,0,0,0,0,0,0,0,0,0,0,0,0,0,0,0,0,0,0,0,0,0,0,0,0,0,0,0,0,0,0,0,0,0,0,0,0,0,0,0,0,0,0,0,0,0,0,0,0,0,0,0,0,0,0,0,0,0,0,0,0,0,0,0,0,0,0,0,0,0,0,0,0,0,0,0,0,0,0,0,0,0,0,0,0,0,0,0,0,0,0,0,0,0,0,0,0,0,0,0,0,0,0,0,0,0,0,0,0,0,0,0,0,0,0,0,0,0,0,0,0,0,0,0,0,0,0,0,0,0,0,0,0,0,0,0,0,0,0,0,0,0,0,0,0,0,0,0,0,0,0,0,0,0,0,0,0,0,0,0,0,0,0,0,0,0,0,0,0,0,0,0,0,0,0,0,0,0,0,0,0,0,0,0,0,0,0,0,0,0,0,0,0,0,0,0,0,0,0,0,0,0,0,0,0,0,0,0,0,0,0,0,0,0,0,0,0,0,0,0,0,0,0,0,0,0,0,0,0,0,0,0,0,0,0,0,0,0,0,0,0,0,0,0,0,0,0,0,0,0,0,0,0,0,0,0,0,0,0,0,0,0,0,0,0,0,0,0,0,0,0,0,0,0,0,0,0,0,0,0,0,0,0,0,0,0,0,0,0,0,0,0,0,0,0,0,0,0,0,0,0,0,0,0,0,0,0,0,0,0,0,0,0,0,0,0,0,0,0,0,0,0,0,0,0,0,0,0,0,0,0,0,0,0,0,0,0,0,0,0,0,0,0,0,0,0,0,0,0,0,0,0,0,0,0,0,0,0,0,0,0,0,0,0,0,0,0,0,0,0,0,0,0,0,0,0,0,0,0,0,0,0,0,0,0,0,0,0,0,0,0,0,0,0,0,0,0,0,0,0,0,0,0,0,0,0,0,0,0
1768798415.9800723,2,17,17,222,136,72,34,84,26,67,12,48,207,0,0,6,16,101,0,191,0,95,254,184,254,250,255,195,255,228,1,234,1,54,1,243,1,165,254,122,255,193,253,224,253,175,255,47,255,164,1,56,1,127,1,212,1,108,255,36,0,13,254,53,254,24,255,95,254,74,1,112,0,15,2,17,2,140,0,102,1,105,254,60,255,27,254,25,254,221,255,34,255,135,1,234,0,76,1,108,1,184,255,34,0,194,254,222,254,91,255,27,255,224,0,27,255,224,0,46,1,176,255,1,0,195,254,191,254,166,255,9,40,0,0,0,222,128,128,128,0,0,0,0,0,0,0,0,224,255,11,255,235,0,28,255,19,0,244,0,8,0,24,177,255,54,254,110,254,13,0,8,0,59,1,32,1,196,255,186,255,179,254,157,254,226,255,108,255,32,1,92,0,222,1,127,1,246,255,237,0,121,254,233,254,64,254,197,253,104,0,105,255,98,2,227,1,188,1,91,2,47,255,78,0,154,253,253,253,193,254,31,254,61,1,86,0,254,1,190,1,83,0,220,0,139,254,252,254,153,254,45,254,115,0,204,255,13,2,6,2,246,0,166,1,130,254,115,255,60,254,172,254,61,0,0,0,0,0,0,0,0,0,0,0,0,0,0,0,0,0,0,0,0,0,0,0,0,0,0,0,0,0,0,0,0,0,0,0,0,0,0,0,0,0,0,0,0,0,0,0,0,0,0,0,0,0,0,0,0,0,0,0,0,0,0,0,0,0,0,0,0,0,0,0,0,0,0,0,0,0,0,0,0,0,0,0,0,0,0,0,0,0,0,0,0,0,0,0,0,0,0,0,0,0,0,0,0,0,0,0,0,0,0,0,0,0,0,0,0,0,0,0,0,0,0,0,0,0,0,0,0,0,0,0,0,0,0,0,0,0,0,0,0,0,0,0,0,0,0,0,0,0,0,0,0,0,0,0,0,0,0,0,0,0,0,0,0,0,0,0,0,0,0,0,0,0,0,0,0,0,0,0,0,0,0,0,0,0,0,0,0,0,0,0,0,0,0,0,0,0,0,0,0,0,0,0,0,0,0,0,0,0,0,0,0,0,0,0,0,0,0,0,0,0,0,0,0,0,0,0,0,0,0,0,0,0,0,0,0,0,0,0,0,0,0,0,0,0,0,0,0,0,0,0,0,0,0,0,0,0,0,0,0,0,0,0,0,0,0,0,0,0,0,0,0,0,0,0,0,0,0,0,0,0,0,0,0,0,0,0,0,0,0,0,0,0,0,0,0,0,0,0,0,0,0,0,0,0,0,0,0,0,0,0,0,0,0,0,0,0,0,0,0,0,0,0,0,0,0,0,0,0,0,0,0,0,0,0,0,0,0,0,0,0,0,0,0,0,0,0,0,0,0,0,0,0,0,0,0,0,0,0,0,0,0,0,0,0,0,0,0,0,0,0,0,0,0,0,0,0,0,0,0,0,0,0,0,0,0,0,0,0,0,0,0,0,0,0,0,0,0,0,0,0,0,0,0,0,0,0,0,0,0,0,0,0,0,0,0,0,0,0,0,0,0,0,0,0,0,0,0,0,0,0,0,0,0,0,0,0,0,0,0,0,0,0,0,0,0,0,0,0,0,0,0,0,0,0,0,0,0,0,0,0,0,0,0,0,0,0,0,0,0,0,0,0,0,0,0,0,0,0,0,0,0,0,0,0,0,0,0,0,0,0,0,0,0,0,0,0,0,0,0,0,0,0,0,0,0,0,0,0,0,0,0,0,0,0,0,0,0,0,0,0,0,0,0,0,0,0,0,0,0,0,0,0,0,0,0,0,0,0,0,0,0,0,0,0,0,0,0,0,0,0,0,0,0,0,0,0,0,0,0,0,0,0,0,0,0,0,0,0,0,0,0,0,0,0,0,0,0,0,0,0,0,0,0,0,0,0,0,0,0,0,0,0,0,0,0,0,0,0,0,0,0,0,0,0,0,0,0,0,0,0,0,0,0,0,0,0,0,0,0,0,0,0,0,0,0,0,0,0,0,0,0,0,0,0,0,0,0,0,0,0,0,0,0,0,0,0,0,0,0,0,0,0,0,0,0,0,0,0,0,0,0,0,0,0,0,0,0,0,0,0,0,0,0,0,0,0,0,0,0,0,0,0,0,0,0,0,0,0,0,0,0,0,0,0,0,0,0,0,0,0,0,0,0,0,0,0,0,0,0,0,0,0,0,0,0,0,0,0,0,0,0,0,0,0,0,0
1768798415.981364,2,17,17,223,136,72,34,84,26,67,12,64,207,0,0,6,16,101,0,191,0,95,254,84,1,215,255,241,0,118,254,233,255,205,253,134,254,36,254,184,253,113,255,249,253,246,0,50,255,128,1,124,0,221,1,131,1,35,1,230,1,249,255,158,1,208,254,175,0,8,254,104,255,236,253,88,254,149,254,232,253,191,255,48,254,236,0,16,255,163,1,33,0,187,1,1,1,60,1,108,1,90,0,41,1,142,255,41,1,142,255,150,255,209,254,240,254,114,255,224,254,87,0,118,255,252,0,74,0,246,0,9,40,0,0,0,223,128,128,128,0,0,0,0,0,0,0,0,224,255,11,255,235,0,28,255,19,0,244,0,8,0,24,220,255,241,254,15,255,81,255,187,254,66,0,80,255,6,1,93,0,44,1,36,1,135,0,55,1,149,255,214,0,16,254,213,255,150,254,252,254,209,254,89,254,112,255,11,254,101,0,81,254,144,1,90,255,112,2,216,0,129,2,39,2,151,1,135,2,13,0,239,1,180,254,175,0,10,254,104,255,57,254,121,254,15,255,33,254,44,0,200,254,134,1,17,0,30,2,101,1,175,1,11,2,125,0,166,1,102,255,95,0,170,254,0,0,0,0,0,0,0,0,0,0,0,0,0,0,0,0,0,0,0,0,0,0,0,0,0,0,0,0,0,0,0,0,0,0,0,0,0,0,0,0,0,0,0,0,0,0,0,0,0,0,0,0,0,0,0,0,0,0,0,0,0,0,0,0,0,0,0,0,0,0,0,0,0,0,0,0,0,0,0,0,0,0,0,0,0,0,0,0,0,0,0,0,0,0,0,0,0,0,0,0,0,0,0,0,0,0,0,0,0,0,0,0,0,0,0,0,0,0,0,0,0,0,0,0,0,0,0,0,0,0,0,0,0,0,0,0,0,0,0,0,0,0,0,0,0,0,0,0,0,0,0,0,0,0,0,0,0,0,0,0,0,0,0,0,0,0,0,0,0,0,0,0,0,0,0,0,0,0,0,0,0,0,0,0,0,0,0,0,0,0,0,0,0,0,0,0,0,0,0,0,0,0,0,0,0,0,0,0,0,0,0,0,0,0,0,0,0,0,0,0,0,0,0,0,0,0,0,0,0,0,0,0,0,0,0,0,0,0,0,0,0,0,0,0,0,0,0,0,0,0,0,0,0,0,0,0,0,0,0,0,0,0,0,0,0,0,0,0,0,0,0,0,0,0,0,0,0,0,0,0,0,0,0,0,0,0,0,0,0,0,0,0,0,0,0,0,0,0,0,0,0,0,0,0,0,0,0,0,0,0,0,0,0,0,0,0,0,0,0,0,0,0,0,0,0,0,0,0,0,0,0,0,0,0,0,0,0,0,0,0,0,0,0,0,0,0,0,0,0,0,0,0,0,0,0,0,0,0,0,0,0,0,0,0,0,0,0,0,0,0,0,0,0,0,0,0,0,0,0,0,0,0,0,0,0,0,0,0,0,0,0,0,0,0,0,0,0,0,0,0,0,0,0,0,0,0,0,0,0,0,0,0,0,0,0,0,0,0,0,0,0,0,0,0,0,0,0,0,0,0,0,0,0,0,0,0,0,0,0,0,0,0,0,0,0,0,0,0,0,0,0,0,0,0,0,0,0,0,0,0,0,0,0,0,0,0,0,0,0,0,0,0,0,0,0,0,0,0,0,0,0,0,0,0,0,0,0,0,0,0,0,0,0,0,0,0,0,0,0,0,0,0,0,0,0,0,0,0,0,0,0,0,0,0,0,0,0,0,0,0,0,0,0,0,0,0,0,0,0,0,0,0,0,0,0,0,0,0,0,0,0,0,0,0,0,0,0,0,0,0,0,0,0,0,0,0,0,0,0,0,0,0,0,0,0,0,0,0,0,0,0,0,0,0,0,0,0,0,0,0,0,0,0,0,0,0,0,0,0,0,0,0,0,0,0,0,0,0,0,0,0,0,0,0,0,0,0,0,0,0,0,0,0,0,0,0,0,0,0,0,0,0,0,0,0,0,0,0,0,0,0,0,0,0,0,0,0,0,0,0,0,0,0,0,0,0,0,0,0,0,0,0,0,0,0,0,0,0,0,0,0,0,0,0,0,0,0,0,0,0,0,0,0,0,0,0,0,0,0,0,0,0,0,0,0,0,0,0,0,0,0,0,0,0,0,0,0,0,0,0,0,0,0,0,0,0,0,0,0,0,0,0,0,0,0,0,0,0,0,0,0,0,0,0,0,0
1768798415.9829805,2,17,17,223,136,72,34,84,26,67,12,80,207,0,0,6,16,101,0,191,0,95,254,42,0,69,1,228,1,21,0,51,1,35,254,223,254,244,253,181,253,31,0,54,255,7,2,63,1,139,1,206,1,85,255,46,0,24,254,92,254,246,254,65,254,1,1,1,0,22,2,219,1,11,1,220,1,233,254,2,0,230,253,60,254,248,254,89,254,249,0,9,0,201,1,116,1,195,0,49,1,33,255,221,255,191,254,205,254,179,255,76,255,254,0,76,255,254,0,40,1,173,255,28,0,202,254,230,254,121,255,9,40,0,0,0,223,128,128,128,0,0,0,0,0,0,0,0,224,255,11,255,235,0,28,255,19,0,244,0,8,0,24,153,0,94,255,237,255,236,254,83,255,85,255,246,254,116,0,187,255,65,1,1,1,138,0,13,1,241,254,175,254,201,254,81,254,87,0,64,255,216,1,101,1,106,1,99,2,116,255,13,1,215,253,152,254,246,253,82,253,213,255,136,254,216,1,254,0,44,2,50,2,115,0,37,1,120,254,27,255,72,254,70,254,21,0,109,255,212,1,149,1,66,1,216,1,238,254,219,255,190,253,25,254,20,255,122,254,251,0,143,0,61,1,0,0,0,0,0,0,0,0,0,0,0,0,0,0,0,0,0,0,0,0,0,0,0,0,0,0,0,0,0,0,0,0,0,0,0,0,0,0,0,0,0,0,0,0,0,0,0,0,0,0,0,0,0,0,0,0,0,0,0,0,0,0,0,0,0,0,0,0,0,0,0,0,0,0,0,0,0,0,0,0,0,0,0,0,0,0,0,0,0,0,0,0,0,0,0,0,0,0,0,0,0,0,0,0,0,0,0,0,0,0,0,0,0,0,0,0,0,0,0,0,0,0,0,0,0,0,0,0,0,0,0,0,0,0,0,0,0,0,0,0,0,0,0,0,0,0,0,0,0,0,0,0,0,0,0,0,0,0,0,0,0,0,0,0,0,0,0,0,0,0,0,0,0,0,0,0,0,0,0,0,0,0,0,0,0,0,0,0,0,0,0,0,0,0,0,0,0,0,0,0,0,0,0,0,0,0,0,0,0,0,0,0,0,0,0,0,0,0,0,0,0,0,0,0,0,0,0,0,0,0,0,0,0,0,0,0,0,0,0,0,0,0,0,0,0,0,0,0,0,0,0,0,0,0,0,0,0,0,0,0,0,0,0,0,0,0,0,0,0,0,0,0,0,0,0,0,0,0,0,0,0,0,0,0,0,0,0,0,0,0,0,0,0,0,0,0,0,0,0,0,0,0,0,0,0,0,0,0,0,0,0,0,0,0,0,0,0,0,0,0,0,0,0,0,0,0,0,0,0,0,0,0,0,0,0,0,0,0,0,0,0,0,0,0,0,0,0,0,0,0,0,0,0,0,0,0,0,0,0,0,0,0,0,0,0,0,0,0,0,0,0,0,0,0,0,0,0,0,0,0,0,0,0,0,0,0,0,0,0,0,0,0,0,0,0,0,0,0,0,0,0,0,0,0,0,0,0,0,0,0,0,0,0,0,0,0,0,0,0,0,0,0,0,0,0,0,0,0,0,0,0,0,0,0,0,0,0,0,0,0,0,0,0,0,0,0,0,0,0,0,0,0,0,0,0,0,0,0,0,0,0,0,0,0,0,0,0,0,0,0,0,0,0,0,0,0,0,0,0,0,0,0,0,0,0,0,0,0,0,0,0,0,0,0,0,0,0,0,0,0,0,0,0,0,0,0,0,0,0,0,0,0,0,0,0,0,0,0,0,0,0,0,0,0,0,0,0,0,0,0,0,0,0,0,0,0,0,0,0,0,0,0,0,0,0,0,0,0,0,0,0,0,0,0,0,0,0,0,0,0,0,0,0,0,0,0,0,0,0,0,0,0,0,0,0,0,0,0,0,0,0,0,0,0,0,0,0,0,0,0,0,0,0,0,0,0,0,0,0,0,0,0,0,0,0,0,0,0,0,0,0,0,0,0,0,0,0,0,0,0,0,0,0,0,0,0,0,0,0,0,0,0,0,0,0,0,0,0,0,0,0,0,0,0,0,0,0,0,0,0,0,0,0,0,0,0,0,0,0,0,0,0,0,0,0,0,0,0,0,0,0,0,0,0,0,0,0,0,0,0,0,0,0,0,0,0,0,0,0,0,0,0,0,0,0,0,0,0,0,0,0,0,0,0,0,0,0,0,0,0,0,0,0,0,0,0,0,0,0,0,0,0,0,0,0,0
1768798415.993679,2,17,17,222,136,72,34,84,26,67,12,96,207,0,0,6,16,101,0,191,0,95,254,34,254,31,0,224,253,165,1,66,254,202,2,85,255,56,3,159,0,45,3,192,1,128,2,78,2,74,1,167,2,104,0,165,2,67,255,58,2,78,254,143,1,117,253,154,0,21,253,170,255,241,252,192,254,60,253,13,254,195,253,143,253,145,254,96,253,110,255,139,253,96,0,2,254,25,1,174,254,154,1,89,255,160,1,73,0,203,1,246,0,121,1,246,0,121,1,174,1,234,255,111,1,6,255,192,0,101,254,9,40,0,0,0,222,128,128,128,0,0,0,0,0,0,0,0,224,255,11,255,235,0,28,255,19,0,244,0,8,0,24,177,0,213,255,168,0,102,255,85,0,240,254,247,255,156,254,242,254,93,255,135,254,153,255,219,253,181,0,67,254,72,1,216,254,49,2,51,0,177,2,160,0,21,3,64,1,3,3,31,2,205,2,200,2,221,1,176,3,106,1,25,4,150,255,128,3,43,255,152,2,214,253,76,1,89,253,35,0,92,253,105,255,102,253,63,254,37,254,177,253,35,255,184,252,70,0,35,253,154,1,208,253,109,2,18,255,119,2,110,0,245,1,0,0,0,0,0,0,0,0,0,0,0,0,0,0,0,0,0,0,0,0,0,0,0,0,0,0,0,0,0,0,0,0,0,0,0,0,0,0,0,0,0,0,0,0,0,0,0,0,0,0,0,0,0,0,0,0,0,0,0,0,0,0,0,0,0,0,0,0,0,0,0,0,0,0,0,0,0,0,0,0,0,0,0,0,0,0,0,0,0,0,0,0,0,0,0,0,0,0,0,0,0,0,0,0,0,0,0,0,0,0,0,0,0,0,0,0,0,0,0,0,0,0,0,0,0,0,0,0,0,0,0,0,0,0,0,0,0,0,0,0,0,0,0,0,0,0,0,0,0,0,0,0,0,0,0,0,0,0,0,0,0,0,0,0,0,0,0,0,0,0,0,0,0,0,0,0,0,0,0,0,0,0,0,0,0,0,0,0,0,0,0,0,0,0,0,0,0,0,0,0,0,0,0,0,0,0,0,0,0,0,0,0,0,0,0,0,0,0,0,0,0,0,0,0,0,0,0,0,0,0,0,0,0,0,0,0,0,0,0,0,0,0,0,0,0,0,0,0,0,0,0,0,0,0,0,0,0,0,0,0,0,0,0,0,0,0,0,0,0,0,0,0,0,0,0,0,0,0,0,0,0,0,0,0,0,0,0,0,0,0,0,0,0,0,0,0,0,0,0,0,0,0,0,0,0,0,0,0,0,0,0,0,0,0,0,0,0,0,0,0,0,0,0,0,0,0,0,0,0,0,0,0,0,0,0,0,0,0,0,0,0,0,0,0,0,0,0,0,0,0,0,0,0,0,0,0,0,0,0,0,0,0,0,0,0,0,0,0,0,0,0,0,0,0,0,0,0,0,0,0,0,0,0,0,0,0,0,0,0,0,0,0,0,0,0,0,0,0,0,0,0,0,0,0,0,0,0,0,0,0,0,0,0,0,0,0,0,0,0,0,0,0,0,0,0,0,0,0,0,0,0,0,0,0,0,0,0,0,0,0,0,0,0,0,0,0,0,0,0,0,0,0,0,0,0,0,0,0,0,0,0,0,0,0,0,0,0,0,0,0,0,0,0,0,0,0,0,0,0,0,0,0,0,0,0,0,0,0,0,0,0,0,0,0,0,0,0,0,0,0,0,0,0,0,0,0,0,0,0,0,0,0,0,0,0,0,0,0,0,0,0,0,0,0,0,0,0,0,0,0,0,0,0,0,0,0,0,0,0,0,0,0,0,0,0,0,0,0,0,0,0,0,0,0,0,0,0,0,0,0,0,0,0,0,0,0,0,0,0,0,0,0,0,0,0,0,0,0,0,0,0,0,0,0,0,0,0,0,0,0,0,0,0,0,0,0,0,0,0,0,0,0,0,0,0,0,0,0,0,0,0,0,0,0,0,0,0,0,0,0,0,0,0,0,0,0,0,0,0,0,0,0,0,0,0,0,0,0,0,0,0,0,0,0,0,0,0,0,0,0,0,0,0,0,0,0,0,0,0,0,0,0,0,0,0,0,0,0,0,0,0,0,0,0,0,0,0,0,0,0,0,0,0,0,0,0,0,0,0,0,0,0,0,0,0,0,0,0,0,0,0,0,0,0,0,0,0,0,0,0,0,0,0,0,0,0,0,0,0,0,0,0,0,0,0,0
1768798415.9983761,2,17,17,223,136,72,34,84,26,67,12,112,207,0,0,6,16,101,0,191,0,95,254,27,0,178,254,47,255,62,254,97,254,107,254,237,253,219,254,212,253,149,255,217,253,99,0,97,254,206,0,171,254,91,1,41,255,184,1,191,255,234,1,93,0,246,1,224,0,216,1,89,1,159,1,172,1,68,1,223,1,220,0,249,1,109,0,229,1,231,255,164,1,131,255,86,1,37,255,240,0,237,254,114,0,240,254,6,0,187,254,143,255,224,254,143,255,224,254,234,254,155,255,216,254,27,0,240,254,133,0,9,40,0,0,0,223,128,128,128,0,0,0,0,0,0,0,0,224,255,11,255,235,0,28,255,19,0,244,0,8,0,24,23,1,164,255,189,0,14,255,14,0,221,254,72,255,203,254,177,254,101,255,119,254,45,0,197,254,120,0,215,254,5,1,66,255,90,1,97,255,229,1,31,0,43,2,24,0,7,2,205,0,113,2,150,1,248,1,202,1,255,1,68,2,59,1,94,2,9,1,14,2,53,0,240,1,145,255,164,1,83,255,178,0,126,254,131,0,64,254,8,0,240,253,49,255,45,254,218,254,56,254,30,254,193,254,47,254,135,255,182,254,97,0,0,0,0,0,0,0,0,0,0,0,0,0,0,0,0,0,0,0,0,0,0,0,0,0,0,0,0,0,0,0,0,0,0,0,0,0,0,0,0,0,0,0,0,0,0,0,0,0,0,0,0,0,0,0,0,0,0,0,0,0,0,0,0,0,0,0,0,0,0,0,0,0,0,0,0,0,0,0,0,0,0,0,0,0,0,0,0,0,0,0,0,0,0,0,0,0,0,0,0,0,0,0,0,0,0,0,0,0,0,0,0,0,0,0,0,0,0,0,0,0,0,0,0,0,0,0,0,0,0,0,0,0,0,0,0,0,0,0,0,0,0,0,0,0,0,0,0,0,0,0,0,0,0,0,0,0,0,0,0,0,0,0,0,0,0,0,0,0,0,0,0,0,0,0,0,0,0,0,0,0,0,0,0,0,0,0,0,0,0,0,0,0,0,0,0,0,0,0,0,0,0,0,0,0,0,0,0,0,0,0,0,0,0,0,0,0,0,0,0,0,0,0,0,0,0,0,0,0,0,0,0,0,0,0,0,0,0,0,0,0,0,0,0,0,0,0,0,0,0,0,0,0,0,0,0,0,0,0,0,0,0,0,0,0,0,0,0,0,0,0,0,0,0,0,0,0,0,0,0,0,0,0,0,0,0,0,0,0,0,0,0,0,0,0,0,0,0,0,0,0,0,0,0,0,0,0,0,0,0,0,0,0,0,0,0,0,0,0,0,0,0,0,0,0,0,0,0,0,0,0,0,0,0,0,0,0,0,0,0,0,0,0,0,0,0,0,0,0,0,0,0,0,0,0,0,0,0,0,0,0,0,0,0,0,0,0,0,0,0,0,0,0,0,0,0,0,0,0,0,0,0,0,0,0,0,0,0,0,0,0,0,0,0,0,0,0,0,0,0,0,0,0,0,0,0,0,0,0,0,0,0,0,0,0,0,0,0,0,0,0,0,0,0,0,0,0,0,0,0,0,0,0,0,0,0,0,0,0,0,0,0,0,0,0,0,0,0,0,0,0,0,0,0,0,0,0,0,0,0,0,0,0,0,0,0,0,0,0,0,0,0,0,0,0,0,0,0,0,0,0,0,0,0,0,0,0,0,0,0,0,0,0,0,0,0,0,0,0,0,0,0,0,0,0,0,0,0,0,0,0,0,0,0,0,0,0,0,0,0,0,0,0,0,0,0,0,0,0,0,0,0,0,0,0,0,0,0,0,0,0,0,0,0,0,0,0,0,0,0,0,0,0,0,0,0,0,0,0,0,0,0,0,0,0,0,0,0,0,0,0,0,0,0,0,0,0,0,0,0,0,0,0,0,0,0,0,0,0,0,0,0,0,0,0,0,0,0,0,0,0,0,0,0,0,0,0,0,0,0,0,0,0,0,0,0,0,0,0,0,0,0,0,0,0,0,0,0,0,0,0,0,0,0,0,0,0,0,0,0,0,0,0,0,0,0,0,0,0,0,0,0,0,0,0,0,0,0,0,0,0,0,0,0,0,0,0,0,0,0,0,0,0,0,0,0,0,0,0,0,0,0,0,0,0,0,0,0,0,0,0,0,0,0,0,0,0,0,0,0,0,0,0,0,0,0,0,0,0,0,0,0,0,0,0,0,0,0,0,0,0,0,0,0,0,0,0
1768798416.00389,2,17,17,222,136,72,34,84,26,67,12,128,207,0,0,6,16,101,0,191,0,95,254,188,254,188,254,63,254,23,2,203,1,147,2,10,3,162,254,81,255,197,252,8,253,17,0,194,255,156,2,138,2,208,0,63,1,165,253,217,253,85,254,209,253,224,1,77,1,158,2,233,2,106,255,62,0,7,253,58,253,233,254,68,254,78,2,167,1,40,2,72,2,2,255,164,255,197,253,240,253,226,255,158,255,193,1,170,1,168,0,195,0,112,254,195,0,112,254,18,255,109,1,88,1,10,1,30,1,169,254,9,40,0,0,0,222,128,128,128,0,0,0,0,0,0,0,0,224,255,11,255,235,0,28,255,19,0,244,0,8,0,24,114,255,105,254,140,254,168,0,161,0,151,1,69,1,32,255,43,255,91,254,94,254,212,0,203,0,203,1,35,2,146,255,4,0,146,253,118,253,112,255,108,254,192,2,34,2,115,2,55,3,129,254,73,255,67,252,92,252,68,255,101,254,55,3,127,2,51,2,5,3,127,254,74,255,112,253,82,253,71,0,188,255,135,2,91,2,168,0,176,0,115,253,43,253,197,254,94,254,103,2,40,2,31,2,55,2,188,254,226,254,110,254,0,0,0,0,0,0,0,0,0,0,0,0,0,0,0,0,0,0,0,0,0,0,0,0,0,0,0,0,0,0,0,0,0,0,0,0,0,0,0,0,0,0,0,0,0,0,0,0,0,0,0,0,0,0,0,0,0,0,0,0,0,0,0,0,0,0,0,0,0,0,0,0,0,0,0,0,0,0,0,0,0,0,0,0,0,0,0,0,0,0,0,0,0,0,0,0,0,0,0,0,0,0,0,0,0,0,0,0,0,0,0,0,0,0,0,0,0,0,0,0,0,0,0,0,0,0,0,0,0,0,0,0,0,0,0,0,0,0,0,0,0,0,0,0,0,0,0,0,0,0,0,0,0,0,0,0,0,0,0,0,0,0,0,0,0,0,0,0,0,0,0,0,0,0,0,0,0,0,0,0,0,0,0,0,0,0,0,0,0,0,0,0,0,0,0,0,0,0,0,0,0,0,0,0,0,0,0,0,0,0,0,0,0,0,0,0,0,0,0,0,0,0,0,0,0,0,0,0,0,0,0,0,0,0,0,0,0,0,0,0,0,0,0,0,0,0,0,0,0,0,0,0,0,0,0,0,0,0,0,0,0,0,0,0,0,0,0,0,0,0,0,0,0,0,0,0,0,0,0,0,0,0,0,0,0,0,0,0,0,0,0,0,0,0,0,0,0,0,0,0,0,0,0,0,0,0,0,0,0,0,0,0,0,0,0,0,0,0,0,0,0,0,0,0,0,0,0,0,0,0,0,0,0,0,0,0,0,0,0,0,0,0,0,0,0,0,0,0,0,0,0,0,0,0,0,0,0,0,0,0,0,0,0,0,0,0,0,0,0,0,0,0,0,0,0,0,0,0,0,0,0,0,0,0,0,0,0,0,0,0,0,0,0,0,0,0,0,0,0,0,0,0,0,0,0,0,0,0,0,0,0,0,0,0,0,0,0,0,0,0,0,0,0,0,0,0,0,0,0,0,0,0,0,0,0,0,0,0,0,0,0,0,0,0,0,0,0,0,0,0,0,0,0,0,0,0,0,0,0,0,0,0,0,0,0,0,0,0,0,0,0,0,0,0,0,0,0,0,0,0,0,0,0,0,0,0,0,0,0,0,0,0,0,0,0,0,0,0,0,0,0,0,0,0,0,0,0,0,0,0,0,0,0,0,0,0,0,0,0,0,0,0,0,0,0,0,0,0,0,0,0,0,0,0,0,0,0,0,0,0,0,0,0,0,0,0,0,0,0,0,0,0,0,0,0,0,0,0,0,0,0,0,0,0,0,0,0,0,0,0,0,0,0,0,0,0,0,0,0,0,0,0,0,0,0,0,0,0,0,0,0,0,0,0,0,0,0,0,0,0,0,0,0,0,0,0,0,0,0,0,0,0,0,0,0,0,0,0,0,0,0,0,0,0,0,0,0,0,0,0,0,0,0,0,0,0,0,0,0,0,0,0,0,0,0,0,0,0,0,0,0,0,0,0,0,0,0,0,0,0,0,0,0,0,0,0,0,0,0,0,0,0,0,0,0,0,0,0,0,0,0,0,0,0,0,0,0,0,0,0,0,0,0,0,0,0,0,0,0,0,0,0,0,0,0,0,0,0,0,0,0,0,0,0,0,0,0,0,0,0,0,0,0,0,0,0
1768798416.0059857,2,17,17,222,136,72,34,84,26,67,12,144,207,0,0,6,16,101,0,191,0,95,254,82,254,124,255,234,254,135,2,105,2,29,2,0,3,119,254,120,255,209,252,243,252,151,255,229,254,58,2,254,1,209,1,90,2,180,254,129,255,65,253,39,253,127,255,125,254,138,2,205,1,114,2,236,2,86,255,150,0,24,253,166,253,101,254,187,253,116,1,118,0,115,2,65,2,108,0,14,1,55,254,203,254,168,254,97,254,194,0,91,0,179,1,91,0,179,1,96,0,89,254,113,254,100,255,42,255,79,1,9,40,0,0,0,222,128,128,128,0,0,0,0,0,0,0,0,224,255,11,255,235,0,28,255,19,0,244,0,8,0,24,97,0,149,0,69,0,71,255,4,255,204,255,189,255,179,1,171,1,112,0,1,1,29,254,139,254,138,254,5,254,9,1,134,0,98,2,217,2,108,0,139,1,110,253,83,254,88,253,167,252,70,0,168,254,115,3,98,2,116,2,148,3,22,255,126,0,176,252,13,253,114,254,226,253,187,1,74,1,109,2,60,2,195,255,82,0,124,253,111,253,217,254,39,254,129,2,176,1,184,2,38,3,78,255,97,0,91,253,44,254,146,255,0,0,0,0,0,0,0,0,0,0,0,0,0,0,0,0,0,0,0,0,0,0,0,0,0,0,0,0,0,0,0,0,0,0,0,0,0,0,0,0,0,0,0,0,0,0,0,0,0,0,0,0,0,0,0,0,0,0,0,0,0,0,0,0,0,0,0,0,0,0,0,0,0,0,0,0,0,0,0,0,0,0,0,0,0,0,0,0,0,0,0,0,0,0,0,0,0,0,0,0,0,0,0,0,0,0,0,0,0,0,0,0,0,0,0,0,0,0,0,0,0,0,0,0,0,0,0,0,0,0,0,0,0,0,0,0,0,0,0,0,0,0,0,0,0,0,0,0,0,0,0,0,0,0,0,0,0,0,0,0,0,0,0,0,0,0,0,0,0,0,0,0,0,0,0,0,0,0,0,0,0,0,0,0,0,0,0,0,0,0,0,0,0,0,0,0,0,0,0,0,0,0,0,0,0,0,0,0,0,0,0,0,0,0,0,0,0,0,0,0,0,0,0,0,0,0,0,0,0,0,0,0,0,0,0,0,0,0,0,0,0,0,0,0,0,0,0,0,0,0,0,0,0,0,0,0,0,0,0,0,0,0,0,0,0,0,0,0,0,0,0,0,0,0,0,0,0,0,0,0,0,0,0,0,0,0,0,0,0,0,0,0,0,0,0,0,0,0,0,0,0,0,0,0,0,0,0,0,0,0,0,0,0,0,0,0,0,0,0,0,0,0,0,0,0,0,0,0,0,0,0,0,0,0,0,0,0,0,0,0,0,0,0,0,0,0,0,0,0,0,0,0,0,0,0,0,0,0,0,0,0,0,0,0,0,0,0,0,0,0,0,0,0,0,0,0,0,0,0,0,0,0,0,0,0,0,0,0,0,0,0,0,0,0,0,0,0,0,0,0,0,0,0,0,0,0,0,0,0,0,0,0,0,0,0,0,0,0,0,0,0,0,0,0,0,0,0,0,0,0,0,0,0,0,0,0,0,0,0,0,0,0,0,0,0,0,0,0,0,0,0,0,0,0,0,0,0,0,0,0,0,0,0,0,0,0,0,0,0,0,0,0,0,0,0,0,0,0,0,0,0,0,0,0,0,0,0,0,0,0,0,0,0,0,0,0,0,0,0,0,0,0,0,0,0,0,0,0,0,0,0,0,0,0,0,0,0,0,0,0,0,0,0,0,0,0,0,0,0,0,0,0,0,0,0,0,0,0,0,0,0,0,0,0,0,0,0,0,0,0,0,0,0,0,0,0,0,0,0,0,0,0,0,0,0,0,0,0,0,0,0,0,0,0,0,0,0,0,0,0,0,0,0,0,0,0,0,0,0,0,0,0,0,0,0,0,0,0,0,0,0,0,0,0,0,0,0,0,0,0,0,0,0,0,0,0,0,0,0,0,0,0,0,0,0,0,0,0,0,0,0,0,0,0,0,0,0,0,0,0,0,0,0,0,0,0,0,0,0,0,0,0,0,0,0,0,0,0,0,0,0,0,0,0,0,0,0,0,0,0,0,0,0,0,0,0,0,0,0,0,0,0,0,0,0,0,0,0,0,0,0,0,0,0,0,0,0,0,0,0,0,0,0,0,0,0,0,0,0,0,0,0,0,0,0,0,0,0,0,0,0,0,0,0,0,0
1768798416.0075376,2,17,17,222,136,72,34,84,26,67,12,160,207,0,0,6,16,101,0,191,0,95,254,195,1,120,0,228,2,127,255,239,2,96,254,88,2,174,253,157,1,78,253,203,0,31,253,233,255,104,253,35,255,108,253,111,254,203,253,214,253,80,254,82,253,210,254,47,253,104,255,6,253,8,0,2,0,252,255,12,0,1,0,245,255,253,255,17,0,6,0,250,255,229,255,1,0,6,0,7,0,246,255,13,0,254,255,1,0,2,0,0,0,255,255,255,255,4,0,249,255,246,255,249,255,245,255,1,0,255,255,5,40,0,0,0,222,128,128,128,4,0,0,0,0,0,0,0,224,255,11,255,235,0,28,255,19,0,244,0,8,0,24,247,255,246,255,8,0,6,0,2,0,244,255,21,0,6,0,25,0,23,0,219,255,250,255,14,0,231,255,155,1,66,1,34,0,27,0,12,0,231,255,16,0,226,255,38,0,15,0,13,0,234,255,218,255,244,255,13,0,236,255,3,0,244,255,18,0,22,0,235,255,1,0,0,0,252,255,20,0,6,0,203,0,239,1,135,254,100,254,10,0,239,255,240,255,249,255,239,255,252,255,0,0,255,255,13,0,250,255,9,0,253,255,0,0,0,0,0,0,0,0,0,0,0,0,0,0,0,0,0,0,0,0,0,0,0,0,0,0,0,0,0,0,0,0,0,0,0,0,0,0,0,0,0,0,0,0,0,0,0,0,0,0,0,0,0,0,0,0,0,0,0,0,0,0,0,0,0,0,0,0,0,0,0,0,0,0,0,0,0,0,0,0,0,0,0,0,0,0,0,0,0,0,0,0,0,0,0,0,0,0,0,0,0,0,0,0,0,0,0,0,0,0,0,0,0,0,0,0,0,0,0,0,0,0,0,0,0,0,0,0,0,0,0,0,0,0,0,0,0,0,0,0,0,0,0,0,0,0,0,0,0,0,0,0,0,0,0,0,0,0,0,0,0,0,0,0,0,0,0,0,0,0,0,0,0,0,0,0,0,0,0,0,0,0,0,0,0,0,0,0,0,0,0,0,0,0,0,0,0,0,0,0,0,0,0,0,0,0,0,0,0,0,0,0,0,0,0,0,0,0,0,0,0,0,0,0,0,0,0,0,0,0,0,0,0,0,0,0,0,0,0,0,0,0,0,0,0,0,0,0,0,0,0,0,0,0,0,0,0,0,0,0,0,0,0,0,0,0,0,0,0,0,0,0,0,0,0,0,0,0,0,0,0,0,0,0,0,0,0,0,0,0,0,0,0,0,0,0,0,0,0,0,0,0,0,0,0,0,0,0,0,0,0,0,0,0,0,0,0,0,0,0,0,0,0,0,0,0,0,0,0,0,0,0,0,0,0,0,0,0,0,0,0,0,0,0,0,0,0,0,0,0,0,0,0,0,0,0,0,0,0,0,0,0,0,0,0,0,0,0,0,0,0,0,0,0,0,0,0,0,0,0,0,0,0,0,0,0,0,0,0,0,0,0,0,0,0,0,0,0,0,0,0,0,0,0,0,0,0,0,0,0,0,0,0,0,0,0,0,0,0,0,0,0,0,0,0,0,0,0,0,0,0,0,0,0,0,0,0,0,0,0,0,0,0,0,0,0,0,0,0,0,0,0,0,0,0,0,0,0,0,0,0,0,0,0,0,0,0,0,0,0,0,0,0,0,0,0,0,0,0,0,0,0,0,0,0,0,0,0,0,0,0,0,0,0,0,0,0,0,0,0,0,0,0,0,0,0,0,0,0,0,0,0,0,0,0,0,0,0,0,0,0,0,0,0,0,0,0,0,0,0,0,0,0,0,0,0,0,0,0,0,0,0,0,0,0,0,0,0,0,0,0,0,0,0,0,0,0,0,0,0,0,0,0,0,0,0,0,0,0,0,0,0,0,0,0,0,0,0,0,0,0,0,0,0,0,0,0,0,0,0,0,0,0,0,0,0,0,0,0,0,0,0,0,0,0,0,0,0,0,0,0,0,0,0,0,0,0,0,0,0,0,0,0,0,0,0,0,0,0,0,0,0,0,0,0,0,0,0,0,0,0,0,0,0,0,0,0,0,0,0,0,0,0,0,0,0,0,0,0,0,0,0,0,0,0,0,0,0,0,0,0,0,0,0,0,0,0,0,0,0,0,0,0,0,0,0,0,0,0,0,0,0,0,0,0,0,0,0,0,0,0,0,0,0,0,0,0,0,0,0,0,0,0,0,0,0,0,0,0,0,0,0,0,0,0,0
1768798416.0137346,2,17,17,222,136,72,34,84,26,67,12,192,207,0,0,6,16,101,0,191,0,95,254,131,254,8,1,178,1,72,2,254,2,180,254,100,255,175,252,181,252,17,0,125,255,247,2,102,2,2,1,70,1,162,253,207,253,74,254,242,253,228,1,119,1,145,2,213,2,46,255,229,255,238,252,8,253,45,255,115,254,168,2,14,2,28,2,116,2,161,254,96,255,147,253,183,253,12,0,157,255,10,2,180,1,165,0,180,1,165,0,143,254,4,255,228,254,94,1,64,1,52,1,67,1,201,254,242,254,172,254,5,40,0,0,0,222,128,128,128,0,0,0,0,0,0,0,0,224,255,11,0,224,255,11,255,19,0,244,0,8,0,24,97,254,17,0,40,0,131,1,154,1,240,255,156,255,7,254,38,254,54,0,249,255,30,2,229,1,143,255,64,0,212,253,12,254,119,255,62,254,92,2,174,1,6,2,44,3,151,254,128,255,44,252,62,252,111,255,193,254,68,3,134,2,77,2,137,2,247,253,116,255,231,252,255,252,37,0,120,255,173,2,114,2,131,0,163,0,161,253,204,253,200,254,93,254,77,2,28,2,81,2,173,2,85,254,61,255,100,253,63,254,180,0,0,0,0,0,0,0,0,0,0,0,0,0,0,0,0,0,0,0,0,0,0,0,0,0,0,0,0,0,0,0,0,0,0,0,0,0,0,0,0,0,0,0,0,0,0,0,0,0,0,0,0,0,0,0,0,0,0,0,0,0,0,0,0,0,0,0,0,0,0,0,0,0,0,0,0,0,0,0,0,0,0,0,0,0,0,0,0,0,0,0,0,0,0,0,0,0,0,0,0,0,0,0,0,0,0,0,0,0,0,0,0,0,0,0,0,0,0,0,0,0,0,0,0,0,0,0,0,0,0,0,0,0,0,0,0,0,0,0,0,0,0,0,0,0,0,0,0,0,0,0,0,0,0,0,0,0,0,0,0,0,0,0,0,0,0,0,0,0,0,0,0,0,0,0,0,0,0,0,0,0,0,0,0,0,0,0,0,0,0,0,0,0,0,0,0,0,0,0,0,0,0,0,0,0,0,0,0,0,0,0,0,0,0,0,0,0,0,0,0,0,0,0,0,0,0,0,0,0,0,0,0,0,0,0,0,0,0,0,0,0,0,0,0,0,0,0,0,0,0,0,0,0,0,0,0,0,0,0,0,0,0,0,0,0,0,0,0,0,0,0,0,0,0,0,0,0,0,0,0,0,0,0,0,0,0,0,0,0,0,0,0,0,0,0,0,0,0,0,0,0,0,0,0,0,0,0,0,0,0,0,0,0,0,0,0,0,0,0,0,0,0,0,0,0,0,0,0,0,0,0,0,0,0,0,0,0,0,0,0,0,0,0,0,0,0,0,0,0,0,0,0,0,0,0,0,0,0,0,0,0,0,0,0,0,0,0,0,0,0,0,0,0,0,0,0,0,0,0,0,0,0,0,0,0,0,0,0,0,0,0,0,0,0,0,0,0,0,0,0,0,0,0,0,0,0,0,0,0,0,0,0,0,0,0,0,0,0,0,0,0,0,0,0,0,0,0,0,0,0,0,0,0,0,0,0,0,0,0,0,0,0,0,0,0,0,0,0,0,0,0,0,0,0,0,0,0,0,0,0,0,0,0,0,0,0,0,0,0,0,0,0,0,0,0,0,0,0,0,0,0,0,0,0,0,0,0,0,0,0,0,0,0,0,0,0,0,0,0,0,0,0,0,0,0,0,0,0,0,0,0,0,0,0,0,0,0,0,0,0,0,0,0,0,0,0,0,0,0,0,0,0,0,0,0,0,0,0,0,0,0,0,0,0,0,0,0,0,0,0,0,0,0,0,0,0,0,0,0,0,0,0,0,0,0,0,0,0,0,0,0,0,0,0,0,0,0,0,0,0,0,0,0,0,0,0,0,0,0,0,0,0,0,0,0,0,0,0,0,0,0,0,0,0,0,0,0,0,0,0,0,0,0,0,0,0,0,0,0,0,0,0,0,0,0,0,0,0,0,0,0,0,0,0,0,0,0,0,0,0,0,0,0,0,0,0,0,0,0,0,0,0,0,0,0,0,0,0,0,0,0,0,0,0,0,0,0,0,0,0,0,0,0,0,0,0,0,0,0,0,0,0,0,0,0,0,0,0,0,0,0,0,0,0,0,0,0,0,0,0,0,0,0,0,0,0,0,0,0,0,0,0,0,0,0,0,0,0,0,0,0,0,0,0,0,0,0
1768798416.0201294,2,17,17,222,136,72,34,84,26,67,12,208,207,0,0,6,16,101,0,191,0,95,254,74,1,61,1,155,2,63,255,228,1,65,253,112,255,184,252,128,253,32,254,252,252,90,0,128,254,56,2,127,0,147,2,38,2,117,1,174,2,119,255,164,1,180,253,192,255,24,253,223,253,233,253,247,252,183,255,136,253,170,1,38,255,185,2,19,1,131,2,54,2,28,1,45,2,107,255,24,1,60,254,154,255,120,254,124,254,27,255,98,254,155,0,98,254,155,0,236,0,112,1,166,1,32,0,23,1,194,254,9,40,0,0,0,222,128,128,128,0,0,0,0,0,0,0,0,224,255,11,255,235,0,28,255,19,0,244,0,8,0,24,5,255,202,255,246,255,168,0,208,0,113,0,216,0,4,255,115,255,231,254,137,254,231,254,46,254,85,0,228,254,187,1,163,0,146,2,2,2,51,2,220,2,255,255,125,2,129,253,217,0,166,252,202,254,70,252,164,252,254,254,245,251,244,0,221,253,189,2,204,255,72,3,145,2,215,1,228,2,99,0,251,1,93,254,38,0,218,253,211,253,94,254,40,253,50,0,8,254,50,2,48,0,37,3,225,1,188,1,218,1,126,255,0,0,0,0,0,0,0,0,0,0,0,0,0,0,0,0,0,0,0,0,0,0,0,0,0,0,0,0,0,0,0,0,0,0,0,0,0,0,0,0,0,0,0,0,0,0,0,0,0,0,0,0,0,0,0,0,0,0,0,0,0,0,0,0,0,0,0,0,0,0,0,0,0,0,0,0,0,0,0,0,0,0,0,0,0,0,0,0,0,0,0,0,0,0,0,0,0,0,0,0,0,0,0,0,0,0,0,0,0,0,0,0,0,0,0,0,0,0,0,0,0,0,0,0,0,0,0,0,0,0,0,0,0,0,0,0,0,0,0,0,0,0,0,0,0,0,0,0,0,0,0,0,0,0,0,0,0,0,0,0,0,0,0,0,0,0,0,0,0,0,0,0,0,0,0,0,0,0,0,0,0,0,0,0,0,0,0,0,0,0,0,0,0,0,0,0,0,0,0,0,0,0,0,0,0,0,0,0,0,0,0,0,0,0,0,0,0,0,0,0,0,0,0,0,0,0,0,0,0,0,0,0,0,0,0,0,0,0,0,0,0,0,0,0,0,0,0,0,0,0,0,0,0,0,0,0,0,0,0,0,0,0,0,0,0,0,0,0,0,0,0,0,0,0,0,0,0,0,0,0,0,0,0,0,0,0,0,0,0,0,0,0,0,0,0,0,0,0,0,0,0,0,0,0,0,0,0,0,0,0,0,0,0,0,0,0,0,0,0,0,0,0,0,0,0,0,0,0,0,0,0,0,0,0,0,0,0,0,0,0,0,0,0,0,0,0,0,0,0,0,0,0,0,0,0,0,0,0,0,0,0,0,0,0,0,0,0,0,0,0,0,0,0,0,0,0,0,0,0,0,0,0,0,0,0,0,0,0,0,0,0,0,0,0,0,0,0,0,0,0,0,0,0,0,0,0,0,0,0,0,0,0,0,0,0,0,0,0,0,0,0,0,0,0,0,0,0,0,0,0,0,0,0,0,0,0,0,0,0,0,0,0,0,0,0,0,0,0,0,0,0,0,0,0,0,0,0,0,0,0,0,0,0,0,0,0,0,0,0,0,0,0,0,0,0,0,0,0,0,0,0,0,0,0,0,0,0,0,0,0,0,0,0,0,0,0,0,0,0,0,0,0,0,0,0,0,0,0,0,0,0,0,0,0,0,0,0,0,0,0,0,0,0,0,0,0,0,0,0,0,0,0,0,0,0,0,0,0,0,0,0,0,0,0,0,0,0,0,0,0,0,0,0,0,0,0,0,0,0,0,0,0,0,0,0,0,0,0,0,0,0,0,0,0,0,0,0,0,0,0,0,0,0,0,0,0,0,0,0,0,0,0,0,0,0,0,0,0,0,0,0,0,0,0,0,0,0,0,0,0,0,0,0,0,0,0,0,0,0,0,0,0,0,0,0,0,0,0,0,0,0,0,0,0,0,0,0,0,0,0,0,0,0,0,0,0,0,0,0,0,0,0,0,0,0,0,0,0,0,0,0,0,0,0,0,0,0,0,0,0,0,0,0,0,0,0,0,0,0,0,0,0,0,0,0,0,0,0,0,0,0,0,0,0,0,0,0,0,0,0,0,0,0,0,0,0,0,0,0,0,0,0,0,0,0,0,0,0,0,0,0,0,0,0,0,0
